Authors,Publication.Year,Study,Species,Vert_Invert,Color1,Color2,Color3,Pattern,Classification,Eu_Pheomelanin,Age,Sex,Location,Season,Plasticity,Aggression.Units,Sample.Size,Stat.Test,Test.Statistic,df1,df2,p.value,r,n1,mean1,var1,se1,sd1,n2,mean2,var2,se2,sd2
"Lehtonen, TK",2014,Lehtonen 2014 - 1,Amphilophus sagittae,vertebrate,gold,,dark,body,melanocortin,eumelanin,mature,males,field,breeding,No,rate/5 min,45,mean,NA,NA,NA,NA,NA,21,2.655,NA,NA,2.862,24,3.07,NA,NA,2.207
"Lehtonen, TK",2014,Lehtonen 2014 - 2,Amphilophus sagittae,vertebrate,gold,,dark,body,melanocortin,eumelanin,mature,females,field,breeding,No,rate/5 min,38,mean,NA,NA,NA,NA,NA,15,3.463,NA,NA,2.677,23,4.446,NA,NA,1.928
"Andrews, TJ; Summers, CH",1996,Andrews and Summers 1996,Anolis carolinensis,vertebrate,light green,,dark brown,body,melanocortin,eumelanin,mature,both,captivity,year round,Plastic,attacks/bites,18,t,1.92,16,NA,0.072,NA,NA,NA,NA,NA,NA,NA,NA,NA,NA,NA
"Deckel, AW; Jevitts, E",1997,Deckel and Jevitts 1997 - 1,Anolis carolinensis,vertebrate,green,,brown,body,melanocortin,eumelanin,mature,males,captivity,year round,Plastic,headbobs and bites,10,r,NA,NA,NA,0.01,0.495,NA,NA,NA,NA,NA,NA,NA,NA,NA,NA
"Deckel, AW; Jevitts, E",1997,Deckel and Jevitts 1997 - 2,Anolis carolinensis,vertebrate,green,,brown,body,melanocortin,eumelanin,mature,males,captivity,year round,Plastic,threated bites,10,r,NA,NA,NA,0.05,0.417,NA,NA,NA,NA,NA,NA,NA,NA,NA,NA
"Clement, TS; Parikh, V; Schrumpf, M; Fernald, RD",2005,Clement et al 2005,Astatotilapia burtoni,vertebrate,drab blue/yellow,,bright blue/yellow,body,carotenoid,N/A,mature,males,lab,year round,Plastic,territorial,28,mean,NA,NA,NA,NA,NA,5,0.382,NA,0.144,0.322,5,0.732,NA,0.028,0.063
"Dijkstra, PD; Maguire, SM; Harris, RM; Rodriguez, AA; DeAngelis, RS; Flores, SA; Hofmann, HA",2017,Dijkstra et al 2017,Astatotilapia burtoni,vertebrate,blue,,yellow,body,carotenoid,N/A,mature,males,lab,year round,Plastic,chase and bites,20,r,NA,NA,NA,0.003,0.632,NA,NA,NA,NA,NA,NA,NA,NA,NA,NA
"Korzan, WJ; Robison, RR; Zhao, S; Fernald, RD",2008,Korzan et al 2008,Astatotilapia burtoni,vertebrate,blue,,yellow,body,carotenoid,N/A,mature,males,lab,year round,Plastic,dominance index,16,t,3.1,15,NA,0.007,NA,NA,NA,NA,NA,NA,NA,NA,NA,NA,NA
"Renn, SCP; Fraser, EJ; Aubin-Horth, N; Trainor, BC; Hofmann, HA",2012,Renn et al 2012,Astatotilapia burtoni,vertebrate,no black,,black,face,melanocortin,eumelanin,mature,females,lab,year round,No,number of chases,36,mean,NA,NA,NA,NA,NA,21,0.84,NA,0.16,0.733212111,15,11.46,NA,0.86,3.330765678
"Boerner, M; Kruger, O",2009,Boerner and Kruger 2009 - 1,Buteo buteo,vertebrate,light,intermediate,dark,body,melanocortin,eumelanin,mature,males,field,breeding,No,score,54,mean,NA,NA,NA,NA,NA,16,1.728,NA,0.141,0.564,7,0.57,NA,0.368,0.9736
"Boerner, M; Kruger, O",2009,Boerner and Kruger 2009 - 2,Buteo buteo,vertebrate,light,intermediate,dark,body,melanocortin,eumelanin,mature,females,field,breeding,No,score,54,mean,NA,NA,NA,NA,NA,20,0.632,NA,0.176,0.7871,4,1.71,NA,0.255,0.51
"Chaine, AS; Lyon, BE",2008,Chaine and Lyon 2008 - 1,Calamospiza melanocorys,vertebrate,light,,dark,rump,melanocortin,eumelanin,mature,males,field,breeding,No,territorial,94,t,2.84,46,NA,0.007,NA,NA,NA,NA,NA,NA,NA,NA,NA,NA,NA
"Chaine, AS; Lyon, BE",2008,Chaine and Lyon 2008 - 2,Calamospiza melanocorys,vertebrate,light,,dark,body,melanocortin,eumelanin,mature,males,field,breeding,No,territorial,94,t,2.11,46,NA,0.004,NA,NA,NA,NA,NA,NA,NA,NA,NA,NA,NA
"Kim, YK; Lee, SS; Oh, SI; Kim, JS; Suh, EH; Houpt, KA; Lee, HC; Lee, HJ; Yeon, SC",2010,Kim et al 2010,Canis lupus familiaris,vertebrate,white,,fawn,body,melanocortin,pheomelanin,both,both,domestic,year round,No,reactivity,51,mean,NA,NA,NA,NA,NA,20,1.234,NA,NA,0.625,31,1.344,NA,NA,0.36
"Podberscek, AL; Serpell, JA",1996,Podberscek and Serpell 1996 - 1,Canis lupus familiaris,vertebrate,black,,red/golden,body,melanocortin,pheomelanin,both,both,domestic,year round,No,strange dogs,428,t,2.582,427,NA,0.01,NA,NA,NA,NA,NA,NA,NA,NA,NA,NA,NA
"Podberscek, AL; Serpell, JA",1996,Podberscek and Serpell 1996 - 10,Canis lupus familiaris,vertebrate,black,,red/golden,body,melanocortin,pheomelanin,both,both,domestic,year round,No,when in restricted spaces,423,t,2.4,422,NA,0.05,NA,NA,NA,NA,NA,NA,NA,NA,NA,NA,NA
"Podberscek, AL; Serpell, JA",1996,Podberscek and Serpell 1996 - 11,Canis lupus familiaris,vertebrate,black,,red/golden,body,melanocortin,pheomelanin,both,both,domestic,year round,No,meal times,426,t,3.492,425,NA,0.001,NA,NA,NA,NA,NA,NA,NA,NA,NA,NA,NA
"Podberscek, AL; Serpell, JA",1996,Podberscek and Serpell 1996 - 12,Canis lupus familiaris,vertebrate,black,,red/golden,body,melanocortin,pheomelanin,both,both,domestic,year round,No,no reason,428,t,3.643,427,NA,0.001,NA,NA,NA,NA,NA,NA,NA,NA,NA,NA,NA
"Podberscek, AL; Serpell, JA",1996,Podberscek and Serpell 1996 - 3,Canis lupus familiaris,vertebrate,black,,red/golden,body,melanocortin,pheomelanin,both,both,domestic,year round,No,approaching owner away from home,426,t,2.774,425,NA,0.01,NA,NA,NA,NA,NA,NA,NA,NA,NA,NA,NA
"Podberscek, AL; Serpell, JA",1996,Podberscek and Serpell 1996 - 4,Canis lupus familiaris,vertebrate,black,,red/golden,body,melanocortin,pheomelanin,both,both,domestic,year round,No,toward children,142,t,3.365,141,NA,0.001,NA,NA,NA,NA,NA,NA,NA,NA,NA,NA,NA
"Podberscek, AL; Serpell, JA",1996,Podberscek and Serpell 1996 - 6,Canis lupus familiaris,vertebrate,black,,red/golden,body,melanocortin,pheomelanin,both,both,domestic,year round,No,attention on others in house,425,t,3.336,424,NA,0.001,NA,NA,NA,NA,NA,NA,NA,NA,NA,NA,NA
"Podberscek, AL; Serpell, JA",1996,Podberscek and Serpell 1996 - 7,Canis lupus familiaris,vertebrate,black,,red/golden,body,melanocortin,pheomelanin,both,both,domestic,year round,No,toward owner or family,428,t,4.988,427,NA,0.001,NA,NA,NA,NA,NA,NA,NA,NA,NA,NA,NA
"Podberscek, AL; Serpell, JA",1996,Podberscek and Serpell 1996 - 8,Canis lupus familiaris,vertebrate,black,,red/golden,body,melanocortin,pheomelanin,both,both,domestic,year round,No,when disciplined,427,t,4.524,426,NA,0.001,NA,NA,NA,NA,NA,NA,NA,NA,NA,NA,NA
"Podberscek, AL; Serpell, JA",1996,Podberscek and Serpell 1996 - 9,Canis lupus familiaris,vertebrate,black,,red/golden,body,melanocortin,pheomelanin,both,both,domestic,year round,No,when reached for or handled,428,t,3.161,427,NA,0.01,NA,NA,NA,NA,NA,NA,NA,NA,NA,NA,NA
"Jawor, JM; Gray, N; Beall, SM; Breitwisch, R",2004,Jawor et al 2004,Cardinalis cardinalis,vertebrate,light brown,,dark brown,face,melanocortin,eumelanin,mature,females,field,year round,No,attacks,22,t,2.09,21,NA,0.05,NA,NA,NA,NA,NA,NA,NA,NA,NA,NA,NA
"BARLOW, GW; SIRI, P",1994,Barlow and Siri 1994,Cichlasoma citrinellum,vertebrate,grey,,golden,body,carotenoid,N/A,juvenile,both,captivity,year round,Plastic,attacks,36,F,0.769,1,27,0.388,NA,NA,NA,NA,NA,NA,NA,NA,NA,NA,NA
"Beeching, SC; Gross, SH; Bretz, HS; Hariatis, E",1998,Beeching et al 1998 - 1,Cichlasoma nigrofasciatum,vertebrate,dull orange,,bright orange,ventral,carotenoid,N/A,mature,females,lab,year round,Plastic,approach,11,r,NA,NA,NA,NS,-0.65,NA,NA,NA,NA,NA,NA,NA,NA,NA,NA
"Beeching, SC; Gross, SH; Bretz, HS; Hariatis, E",1998,Beeching et al 1998 - 2,Cichlasoma nigrofasciatum,vertebrate,dull orange,,bright orange,ventral,carotenoid,N/A,mature,females,lab,year round,Plastic,lateral display,11,r,NA,NA,NA,NS,-0.51,NA,NA,NA,NA,NA,NA,NA,NA,NA,NA
"Beeching, SC; Gross, SH; Bretz, HS; Hariatis, E",1998,Beeching et al 1998 - 3,Cichlasoma nigrofasciatum,vertebrate,dull orange,,bright orange,ventral,carotenoid,N/A,mature,females,lab,year round,Plastic,frontal display,11,r,NA,NA,NA,0.005,-0.77,NA,NA,NA,NA,NA,NA,NA,NA,NA,NA
"Beeching, SC; Gross, SH; Bretz, HS; Hariatis, E",1998,Beeching et al 1998 - 4,Cichlasoma nigrofasciatum,vertebrate,dull orange,,bright orange,ventral,carotenoid,N/A,mature,females,lab,year round,Plastic,bite,11,r,NA,NA,NA,0.02,-0.69,NA,NA,NA,NA,NA,NA,NA,NA,NA,NA
"Yewers, MSC; Pryke, S; Stuart-Fox, D",2016,Yewers et al 2016,Ctenophorus decresii,vertebrate,grey,yellow,orange,throat,carotenoid,N/A,mature,males,field,year round,Plastic,score,34,F,2.94,3,28.5,0.05,NA,NA,NA,NA,NA,NA,NA,NA,NA,NA,NA
"Korsten, P; Dijkstra, TH; Komdeur, J",2007,Korsten et al 2007,Cyanistes caeruleus,vertebrate,reduced blue,,blue,head,structural,N/A,both,males,field,year round,Plastic,attack,23,t,0.2,13.1,NA,0.85,NA,NA,NA,NA,NA,NA,NA,NA,NA,NA,NA
"Pryke, SR; Griffith, SC",2009,Pryke and Griffith 2009,Erythrura gouldiae,vertebrate,red,,black,face,melanocortin,eumelanin,juvenile,females,lab,year round,Plastic,time,76,F,14.32,1,75,0.001,NA,NA,NA,NA,NA,NA,NA,NA,NA,NA,NA
"Williams, LJ; King, AJ; Mettke-Hofmann, C",2012,Williams et al 2012,Erythrura gouldiae,vertebrate,red,,black,head,melanocortin,eumelanin,mature,both,captivity,year round,Plastic,score,40,mean,NA,NA,NA,,NA,20,2.103,NA,0.718,3.210993616,20,0.407,NA,0.222,0.992814182
"Pryke, SR; Lawes, MJ; Andersson, S",2001,Prkye et al 2001 - 1,Euplectes ardens,vertebrate,small yellow,average orange,large red,collar brightness,carotenoid,N/A,mature,males,field,year round,Plastic,number of interactions,33,r,NA,NA,NA,NS,-0.23,NA,NA,NA,NA,NA,NA,NA,NA,NA,NA
"Pryke, SR; Lawes, MJ; Andersson, S",2001,Prkye et al 2001 - 2,Euplectes ardens,vertebrate,small yellow,average orange,large red,collar hue,carotenoid,N/A,mature,males,field,year round,Plastic,number of interactions,33,r,NA,NA,NA,0.001,-0.47,NA,NA,NA,NA,NA,NA,NA,NA,NA,NA
"Pryke, SR; Lawes, MJ; Andersson, S",2001,Prkye et al 2001 - 3,Euplectes ardens,vertebrate,small yellow,average orange,large red,collar chroma,carotenoid,N/A,mature,males,field,year round,Plastic,number of interactions,33,r,NA,NA,NA,NS,-0.14,NA,NA,NA,NA,NA,NA,NA,NA,NA,NA
"Pryke, SR; Lawes, MJ; Andersson, S",2001,Prkye et al 2001 - 4,Euplectes ardens,vertebrate,small yellow,average orange,large red,collar area,carotenoid,N/A,mature,males,field,year round,Plastic,number of interactions,43,r,NA,NA,NA,0.001,-0.65,NA,NA,NA,NA,NA,NA,NA,NA,NA,NA
"Dale, S; Slagsvold, T",1996,Dale and Slagsvold 1996,Ficedula hypoleuca,vertebrate,dull,,bright,body,melanocortin,eumelanin,mature,both,field,breeding,Plastic,response time,15,t,2.61,14,NA,0.005,NA,NA,NA,NA,NA,NA,NA,NA,NA,NA,NA
"HUHTA, E; ALATALO, RV",1993,Huhta and Alatalo 1993 - 1,Ficedula hypoleuca,vertebrate,light brown,,brown,body,melanocortin,eumelanin,mature,males,field,year round,Plastic,rank,36,r,NA,NA,NA,0.1,0.21,NA,NA,NA,NA,NA,NA,NA,NA,NA,NA
"HUHTA, E; ALATALO, RV",1993,Huhta and Alatalo 1993 - 2,Ficedula hypoleuca,vertebrate,light brown,,brown,body,melanocortin,eumelanin,juvenile,males,field,year round,Plastic,rank,31,r,NA,NA,NA,0.1,-0.15,NA,NA,NA,NA,NA,NA,NA,NA,NA,NA
"Karlsson, AC; Mormede, P; Kerje, S; Jensen, P",2011,Karlsson et al 2011 - 1,Gallus gallus domesticus,vertebrate,white,,wild type,body,melanocortin,eumelanin,juvenile,females,domestic,year round,No,% of obs,23,mean,NA,NA,NA,NA,NA,9,2.2,NA,0.5,1.5,14,1.1,NA,0.3,1.1225
"Karlsson, AC; Mormede, P; Kerje, S; Jensen, P",2011,Karlsson et al 2011 - 2,Gallus gallus domesticus,vertebrate,white,,wild type,body,melanocortin,eumelanin,juvenile,males,domestic,year round,No,% of obs,22,mean,NA,NA,NA,NA,NA,6,2,NA,0.7,1.715,16,3.6,NA,0.6,2.4
"Karlsson, AC; Mormede, P; Kerje, S; Jensen, P",2011,Karlsson et al 2011 - 3,Gallus gallus domesticus,vertebrate,white,,wild type,body,melanocortin,eumelanin,mature,females,domestic,year round,No,% of obs,23,mean,NA,NA,NA,NA,NA,9,1.5,NA,0.6,1.8,14,2,NA,0.7,2.6192
"Karlsson, AC; Mormede, P; Kerje, S; Jensen, P",2011,Karlsson et al 2011 - 4,Gallus gallus domesticus,vertebrate,white,,wild type,body,melanocortin,eumelanin,mature,males,domestic,year round,No,% of obs,22,mean,NA,NA,NA,NA,NA,6,0,NA,0,0,16,6.2,NA,2,8
"Nie, CS; Ban, LP; Ning, ZH; Qu, LJ",2019,Nie et al 2019 - 1,Gallus gallus domesticus,vertebrate,white,,red,body,melanocortin,eumelanin,mature,females,domestic,year round,No,chase and attack,10,mean,NA,NA,NA,,NA,5,40.6,NA,NA,6.8,5,24.8,NA,NA,45.57
"Nie, CS; Ban, LP; Ning, ZH; Qu, LJ",2019,Nie et al 2019 - 2,Gallus gallus domesticus,vertebrate,white,,red,body,melanocortin,eumelanin,mature,females,domestic,year round,No,peak and threat,10,mean,NA,NA,NA,,NA,5,236.6,NA,NA,33.49,5,158.4,NA,NA,45.54
"O'Connor, EA; Saunders, JE; Grist, H; McLeman, MA; Wathes, CM; Abeyesinghe, SM",2011,O'Connor et al 2011,Gallus gallus domesticus,vertebrate,small,,large,comb,melanocortin,eumelanin,mature,females,domestic,year round,No,dominance score,120,F,13.68,1,110,0.001,NA,NA,NA,NA,NA,NA,NA,NA,NA,NA,NA
"Horth, L",2003,Horth 2003,Gambusia holbrooki,vertebrate,silver,,black,body,melanocortin,eumelanin,mature,males,captivity,year round,No,time,8,t,2.74,7,NA,0.029,NA,NA,NA,NA,NA,NA,NA,NA,NA,NA,NA
"Baube, CL",1997,Baube 1997,Gasterosteus aculeatus,vertebrate,dull red,,bright red,body,carotenoid,N/A,mature,males,lab,breeding,Plastic,latency seconds,170,X2,10.741,1,NA,0.001,NA,NA,NA,NA,NA,NA,NA,NA,NA,NA,NA
"Tinghitella, RM; Lehto, WR; Minter, R",2015,Tinghitella et al 2015 - 1,Gasterosteus aculeatus,vertebrate,red,,black,body,melanocortin,eumelanin,mature,males,captivity,year round,No,number of behaviors,10,F,25.55,1,9.6,0.001,NA,NA,NA,NA,NA,NA,NA,NA,NA,NA,NA
"Tinghitella, RM; Lehto, WR; Minter, R",2015,Tinghitella et al 2015 - 2,Gasterosteus aculeatus,vertebrate,red,,black,body,melanocortin,eumelanin,mature,females,captivity,year round,No,number of behaviors,6,F,5.06,1,4.8,0.077,NA,NA,NA,NA,NA,NA,NA,NA,NA,NA,NA
"Tinghitella, RM; Lehto, WR; Lierheimer, VF",2018,Tinghitella et al 2018 - 1,Gasterosteus aculeatus,vertebrate,red,,black,body,melanocortin,eumelanin,mature,males,captivity,year round,No,"approach, bite, chase",20,X2,2.18,2,NA,0.34,NA,NA,NA,NA,NA,NA,NA,NA,NA,NA,NA
"Tinghitella, RM; Lehto, WR; Lierheimer, VF",2018,Tinghitella et al 2018 - 2,Gasterosteus aculeatus,vertebrate,red,,black,body,melanocortin,eumelanin,mature,males,captivity,year round,No,wins,20,X2,0.46,1,NA,0.5,NA,NA,NA,NA,NA,NA,NA,NA,NA,NA,NA
"Yong, L; Woodall, BE; Pierotti, MER; McKinnon, JS",2015,Yong et al 2015 - 1,Gasterosteus aculeatus,vertebrate,no red,,red,throat,carotenoid,N/A,mature,females,captivity,breeding,Plastic,bite rate,40,F,0.25,1,39,>0.05,NA,NA,NA,NA,NA,NA,NA,NA,NA,NA,NA
"Yong, L; Woodall, BE; Pierotti, MER; McKinnon, JS",2015,Yong et al 2015 - 2,Gasterosteus aculeatus,vertebrate,no red,,red,throat,carotenoid,N/A,mature,females,captivity,breeding,Plastic,lunge,40,F,1.46,1,39,>0.05,NA,NA,NA,NA,NA,NA,NA,NA,NA,NA,NA
"Yong, L; Woodall, BE; Pierotti, MER; McKinnon, JS",2015,Yong et al 2015 - 3,Gasterosteus aculeatus,vertebrate,no red,,red,throat,carotenoid,N/A,mature,females,captivity,breeding,Plastic,chase,40,F,0.02,1,39,>0.05,NA,NA,NA,NA,NA,NA,NA,NA,NA,NA,NA
"Yong, LX; Lee, B; Mckinnon, JS",2018,Yong et al 2018 - 1,Gasterosteus aculeatus,vertebrate,less red,,more red,throat,carotenoid,N/A,mature,females,captivity,breeding,Plastic,bite rate,43,F,0.127,1,38,0.127,NA,NA,NA,NA,NA,NA,NA,NA,NA,NA,NA
"Yong, LX; Lee, B; Mckinnon, JS",2018,Yong et al 2018 - 2,Gasterosteus aculeatus,vertebrate,less red,,more red,spine,carotenoid,N/A,mature,females,captivity,breeding,Plastic,bite rate,43,F,0.039,1,38,0.84,NA,NA,NA,NA,NA,NA,NA,NA,NA,NA,NA
"McGraw, KJ; Medina-Jerez, W; Adams, H",2007,McGraw et al 2007,Haemorhous mexicanus,vertebrate,light red,,bright red,ventral,carotenoid,N/A,mature,males,captivity,non-breeding,No,encounters won,16,t,-1.72,15,NA,0.09,NA,NA,NA,NA,NA,NA,NA,NA,NA,NA,NA
"Dijkstra, PD; Hemelrijk, C; Seehausen, O; Groothuis, TGG",2009,Dijkstra et al 2009a,Haplochromis paludinosus,vertebrate,red,,blue,body,unknown,N/A,mature,males,field,year round,No,attacks,24,F,8.378,1,12,0.007,NA,NA,NA,NA,NA,NA,NA,NA,NA,NA,NA
"Dijkstra, PD; van Dijk, S; Groothuis, TGG; Pierotti, MER; Seehausen, O",2009,Dijkstra et al 2009b,Haplochromis paludinosus,vertebrate,plain,orange blotched,black/white blothced,body,melanocortin,eumelanin,mature,females,lab,year round,No,dominance,12,t,-2.67,11,NA,0.008,NA,NA,NA,NA,NA,NA,NA,NA,NA,NA,NA
"Vercken, E; Clobert, J",2008,Vercken and Clobert 2008 - 1,Lacerta vivipara,vertebrate,orange,mixed,yellow,ventral,carotenoid,N/A,mature,females,captivity,year round,Plastic,scratching time,238,F,0.16,1,233,0.68,NA,NA,NA,NA,NA,NA,NA,NA,NA,NA,NA
"Vercken, E; Clobert, J",2008,Vercken and Clobert 2008 - 2,Lacerta vivipara,vertebrate,orange,mixed,yellow,ventral,carotenoid,N/A,mature,females,captivity,year round,Plastic,bite attempts,238,X2,3.95,2,NA,0.14,NA,NA,NA,NA,NA,NA,NA,NA,NA,NA,NA
"Vercken, E; Clobert, J",2008,Vercken and Clobert 2008 - 3,Lacerta vivipara,vertebrate,orange,mixed,yellow,ventral,carotenoid,N/A,mature,females,captivity,year round,Plastic,flee attempts,231,X2,16.18,1,NA,0.0001,NA,NA,NA,NA,NA,NA,NA,NA,NA,NA,NA
"Morimoto, G; Yamaguchi, N; Ueda, K",2006,Morimoto et al 2006,Luscinia cyanura,vertebrate,olive-brown,,blue,body,structural,N/A,both,males,field,year round,No,"fighting, chasing, threatening",74,F,9.411,2,14,0.003,NA,NA,NA,NA,NA,NA,NA,NA,NA,NA,NA
"Leitao, AV; Hall, ML; Delhey, K; Mulder, RA",2019,Leitao et al. 2019 - 1,Malurus amabilis,vertebrate,less blue,,more blue,cheek,structural,N/A,mature,both,captivity,breeding,No,score (attacks + displays),64,t,-2.76,35.6,NA,0.01,NA,NA,NA,NA,NA,NA,NA,NA,NA,NA,NA
"Leitao, AV; Hall, ML; Delhey, K; Mulder, RA",2019,Leitao et al. 2019 - 2,Malurus amabilis,vertebrate,grey,,blue,cheek,structural,N/A,mature,both,captivity,breeding,No,score,64,t,0.34,59.91,NA,0.93,NA,NA,NA,NA,NA,NA,NA,NA,NA,NA,NA
"Leitao, AV; Hall, ML; Delhey, K; Mulder, RA",2019,Leitao et al. 2019 - 3,Malurus amabilis,vertebrate,blender,,blue,cheek,structural,N/A,mature,both,captivity,breeding,No,score,64,t,-2.47,59.62,NA,0.04,NA,NA,NA,NA,NA,NA,NA,NA,NA,NA,NA
"Leitao, AV; Hall, ML; Delhey, K; Mulder, RA",2019,Leitao et al. 2019 - 4,Malurus amabilis,vertebrate,blender,,grey,cheek,structural,N/A,mature,both,captivity,breeding,No,score,64,t,-2.29,60,NA,0.06,NA,NA,NA,NA,NA,NA,NA,NA,NA,NA,NA
"Barron, DG; Webster, MS; Schwabl, H",2015,Barron et al 2015,Malurus melanocephalus,vertebrate,brown,,black,body,carotenoid,N/A,mature,males,field,breeding,No,territorality,48,F,4.03,1,44,0.05,NA,NA,NA,NA,NA,NA,NA,NA,NA,NA,NA
"McDonald, DB; Clay, RP; Brumfield, RT; Braun, MJ",2001,McDonald et al 2001 - 1,Manacus candei,vertebrate,white,,golden,collar and belly,carotenoid,N/A,mature,males,field,breeding,No,attack,34,mean,NA,NA,NA,,NA,17,5.9,NA,NA,16.6,17,23.5,NA,NA,31.2
"McDonald, DB; Clay, RP; Brumfield, RT; Braun, MJ",2001,McDonald et al 2001 - 2,Manacus vitellinus,vertebrate,white,lemon,,collar and belly,carotenoid,N/A,mature,males,field,breeding,No,attack,34,mean,NA,NA,NA,,NA,17,5.9,NA,NA,16.6,17,26.5,NA,NA,35.9
"McDonald, DB; Clay, RP; Brumfield, RT; Braun, MJ",2001,McDonald et al 2001 - 3,Manacus vitellinus,vertebrate,,lemon,golden,collar and belly,carotenoid,N/A,mature,males,field,breeding,No,calls,34,mean,NA,NA,NA,,NA,17,383.1,NA,NA,151.5,17,195.9,NA,NA,80.2
"McDonald, DB; Clay, RP; Brumfield, RT; Braun, MJ",2001,McDonald et al 2001 - 4,Manacus vitellinus,vertebrate,white,lemon,,collar and belly,carotenoid,N/A,mature,males,field,breeding,No,calls,34,mean,NA,NA,NA,,NA,17,199.8,NA,NA,111.2,17,383.1,NA,NA,151.5
"Beck, ML; Davies, S; Sewall, KB",2018,Beck et al 2018,Melospiza melodia,vertebrate,light brown,,dark brown,body,melanocortin,eumelanin,mature,males,field,breeding,No,score,67,F,0.247,1,31,0.622,NA,NA,NA,NA,NA,NA,NA,NA,NA,NA,NA
"Hooper, RE; Plaistow, SJ; Tsubaki, Y",2006,Hooper et al 2006,Mnais costalis,invertebrate,clear,,orange,wings,carotenoid,N/A,mature,males,field,year round,Plastic,time,56,F,8.11,1,55,0.006,NA,NA,NA,NA,NA,NA,NA,NA,NA,NA,NA
"Carola, V; Perlas, E; Zonfrillo, F; Soini, HA; Novotny, MV; Gross, CT",2014,Carola et al 2014,Mus musculus,vertebrate,non-agouti,,agouti,body,melanocortin ,pheomelanin,mature,both,domestic,year round,No,number of attacks,20,F,-5.4,1,18,0.032,NA,NA,NA,NA,NA,NA,NA,NA,NA,NA,NA
"Franklin, AM; Donatelli, CM; Culligan, CR; Tytell, ED",2019,Franklin et al 2019,Neogonodactylus oerstedii,invertebrate,light meral spots,,dark meral spots,legs,carotenoid,N/A,mature,both,lab,year round,No,strike,18,X2,5.44,1,NA,0.02,NA,NA,NA,NA,NA,NA,NA,NA,NA,NA,NA
"Balzarini, V; Taborsky, M; Villa, F; Frommen, JG",2017,Balzarini et al 2017,Neolamprologus pulcher,vertebrate,no stripes,light stripes,dark stripes,body,melanocortin,eumelanin,mature,both,captivity,year round,No,score,30,X2,6.84,2,NA,0.009,NA,NA,NA,NA,NA,NA,NA,NA,NA,NA,NA
"Crothers, LR; Cummings, ME",2015,Crothers and Cummings 2015,Oophaga pumilio,vertebrate,light red,,bright red,body,carotenoid,N/A,mature,males,field,year round,No,call latency (sec),21,X2,4.26,1,NA,0.039,NA,NA,NA,NA,NA,NA,NA,NA,NA,NA,NA
"Crothers, L; Gering, E; Cummings, M",2011,Crothers et al 2011,Oophaga pumilio,vertebrate,dull,,bright,dorsal,carotenoid,N/A,mature,males,captivity,year round,No,approach,75,F,5.9355,1,74,0.018,NA,NA,NA,NA,NA,NA,NA,NA,NA,NA,NA
"Rudh, A; Breed, MF; Qvarnstrom, A",2013,Rudh et al 2013,Oophaga pumilio,vertebrate,green,,red,body,carotenoid,N/A,mature,males,field,year round,No,score,70,mean,NA,NA,NA,,NA,35,0.438,NA,0.225,1.331117951,35,0.745,NA,0.052,0.307636149
"Yang, Y; Dugas, MB; Sudekum, HJ; Murphy, SN; Richards-Zawacki, CL",2018,Yang et al 2018 - 1,Oophaga pumilio,vertebrate,red,intermediate,blue,body,carotenoid,N/A,mature,males,field,year round,No,track high red,140,X2,2.1,2,NA,0.351,NA,NA,NA,NA,NA,NA,NA,NA,NA,NA,NA
"Yang, Y; Dugas, MB; Sudekum, HJ; Murphy, SN; Richards-Zawacki, CL",2018,Yang et al 2018 - 2,Oophaga pumilio,vertebrate,red,intermediate,blue,body,carotenoid,N/A,mature,males,field,year round,No,track high blue,139,X2,4.25,2,NA,0.119,NA,NA,NA,NA,NA,NA,NA,NA,NA,NA,NA
"Yang, Y; Dugas, MB; Sudekum, HJ; Murphy, SN; Richards-Zawacki, CL",2018,Yang et al 2018 - 3,Oophaga pumilio,vertebrate,red,intermediate,blue,body,carotenoid,N/A,mature,males,field,year round,No,approach high red,140,X2,2.77,2,NA,0.25,NA,NA,NA,NA,NA,NA,NA,NA,NA,NA,NA
"Yang, Y; Dugas, MB; Sudekum, HJ; Murphy, SN; Richards-Zawacki, CL",2018,Yang et al 2018 - 4,Oophaga pumilio,vertebrate,red,intermediate,blue,body,carotenoid,N/A,mature,males,field,year round,No,approach high blue,139,X2,1.77,2,NA,0.412,NA,NA,NA,NA,NA,NA,NA,NA,NA,NA,NA
"Yang, Y; Dugas, MB; Sudekum, HJ; Murphy, SN; Richards-Zawacki, CL",2018,Yang et al 2018 - 5,Oophaga pumilio,vertebrate,red,intermediate,blue,body,carotenoid,N/A,mature,males,field,year round,No,call high red,140,X2,4.16,2,NA,0.125,NA,NA,NA,NA,NA,NA,NA,NA,NA,NA,NA
"Yang, Y; Dugas, MB; Sudekum, HJ; Murphy, SN; Richards-Zawacki, CL",2018,Yang et al 2018 - 6,Oophaga pumilio,vertebrate,red,intermediate,blue,body,carotenoid,N/A,mature,males,field,year round,No,call high blue,139,X2,0.61,2,NA,0.736,NA,NA,NA,NA,NA,NA,NA,NA,NA,NA,NA
"Yang, Y; Dugas, MB; Sudekum, HJ; Murphy, SN; Richards-Zawacki, CL",2018,Yang et al 2018 - 7,Oophaga pumilio,vertebrate,red,intermediate,blue,body,carotenoid,N/A,mature,males,field,year round,No,challenge high red,140,X2,2.33,2,NA,0.312,NA,NA,NA,NA,NA,NA,NA,NA,NA,NA,NA
"Yang, Y; Dugas, MB; Sudekum, HJ; Murphy, SN; Richards-Zawacki, CL",2018,Yang et al 2018 - 8,Oophaga pumilio,vertebrate,red,intermediate,blue,body,carotenoid,N/A,mature,males,field,year round,No,challenge high blue,139,X2,3.16,2,NA,0.205,NA,NA,NA,NA,NA,NA,NA,NA,NA,NA,NA
"Rodriguez-Barreto, D; Rey, O; Uren-Webster, TM; Castaldo, G; Consuegra, S; de Leaniz, CG",2019,Rodriguez-Barreto et al 2019,Oreochromis niloticus,vertebrate,lighter,,darker,body,carotenoid,N/A,mature,both,lab,year round,Plastic,number of interactions,120,mean,NA,NA,NA,,NA,60,28.63,NA,5.93,45.93358249,60,7.11,NA,2.09,16.18907039
"Moore, MP; Martin, RA",2016,Moore and Martin 2016,Pachydiplax longipennis,invertebrate,less black,,more black,wing tips,melanocortin,eumelanin,mature,males,field,year round,No,contests won,155,X2,6.5,1,NA,0.011,NA,NA,NA,NA,NA,NA,NA,NA,NA,NA,NA
"McGraw, KJ; Dale, J; Mackillop, EA",2003,McGraw et al 2003,Passer domesticus,vertebrate,small size,,large size,body,melanocortin,eumelanin,mature,males,captivity,non-breeding,No,rankinteraction rate,42,F,4.05,1,42,0.05,NA,NA,NA,NA,NA,NA,NA,NA,NA,NA,NA
"Seaver, CMS; Hurd, PL",2017,Seaver and Hurd 2017 - 1,Pelvicachromis pulcher,vertebrate,yellow,,red,ventral,unknown,N/A,mature,males,lab,year round,No,number of charges,85,mean,NA,NA,NA,,NA,70,6.703,NA,NA,1.058,15,9.937,NA,NA,3.293
"Seaver, CMS; Hurd, PL",2017,Seaver and Hurd 2017 - 2,Pelvicachromis pulcher,vertebrate,yellow,,red,ventral,unknown,N/A,mature,males,lab,year round,No,number of lateral displays,85,mean,NA,NA,NA,,NA,70,3.468,NA,NA,0.803,15,1.783,NA,NA,0.431
"Seaver, CMS; Hurd, PL",2017,Seaver and Hurd 2017 - 3,Pelvicachromis pulcher,vertebrate,yellow,,red,ventral,unknown,N/A,mature,males,lab,year round,No,number of tail beats,85,mean,NA,NA,NA,,NA,70,4.645,NA,NA,0.941,15,9.761,NA,NA,3.47
"Seaver, CMS; Hurd, PL",2017,Seaver and Hurd 2017 - 4,Pelvicachromis pulcher,vertebrate,yellow,,red,ventral,unknown,N/A,mature,males,lab,year round,No,number of bites,85,mean,NA,NA,NA,,NA,70,325.038,NA,NA,42.573,15,457.507,NA,NA,135.023
"Rose, P; Soole, L",2020,Rose and Soole 2020,Phoenicoparrus minor,vertebrate,white,,pink,body,carotenoid,N/A,mature,both,captivity,year round,Plastic,seconds,45,F,6.45,4,40,0.00004,0.33,NA,NA,NA,NA,NA,NA,NA,NA,NA,NA
"BRACE, RC",1981,Brace 1981 - 1,Phymactis clematis,invertebrate,green,,red,ventral,unknown,N/A,mature,both,captivity,year round,No,first aggressor,29,X2,4.17,1,NA,0.05,NA,NA,NA,NA,NA,NA,NA,NA,NA,NA,NA
"BRACE, RC",1981,Brace 1981 - 2,Phymactis clematis,invertebrate,green,,red,ventral,unknown,N/A,mature,both,captivity,year round,No,first attacker,18,X2,0.22,1,NA,NS,NA,NA,NA,NA,NA,NA,NA,NA,NA,NA,NA
"BRACE, RC",1981,Brace 1981 - 3,Phymactis clematis,invertebrate,green,,red,ventral,unknown,N/A,mature,both,captivity,year round,No,winner,14,X2,2.57,1,NA,NS,NA,NA,NA,NA,NA,NA,NA,NA,NA,NA,NA
"Reiter, MK; Anthony, CD; Hickerson, CAM",2014,Reiter et al 2014,Plethodon cinereus,vertebrate,unstriped black,,striped red,dorsal,carotenoid,N/A,mature,males,captivity,year round,No,seconds,60,t,2.51,29,NA,0.012,NA,NA,NA,NA,NA,NA,NA,NA,NA,NA,NA
"Titone, V; Marsiglia, F; Mangiacotti, M; Sacchi, R; Scali, S; Zuffi, MAL",2018,Titone et al 2018,Podarcis siculus,vertebrate,white,,green,ventral,unknown,N/A,mature,males,captivity,year round,No,score,30,F,0.317,1,29,0.58,NA,NA,NA,NA,NA,NA,NA,NA,NA,NA,NA
"MARTIN, FD; HENGSTEBECK, MF",1981,Martin and Hengstebeck 1981 - 1,Poecilia reticulata,vertebrate,light,intermediate,dark,eyes,unknown,N/A,juvenile,both,captivity,changing,Plastic,aggressive encounters,74,F,3.8,2,17,0.005,NA,NA,NA,NA,NA,NA,NA,NA,NA,NA,NA
"MARTIN, FD; HENGSTEBECK, MF",1981,Martin and Hengstebeck 1981 - 2,Poecilia reticulata,vertebrate,light,,dark,eyes,unknown,N/A,juvenile,both,captivity,changing,Plastic,mutual display,33,X2,21.3,6,NA,0.01,NA,NA,NA,NA,NA,NA,NA,NA,NA,NA,NA
"MARTIN, FD; HENGSTEBECK, MF",1981,Martin and Hengstebeck 1981 - 3,Poecilia reticulata,vertebrate,light,,dark,eyes,unknown,N/A,juvenile,both,captivity,changing,Plastic,display,12,X2,21.3,6,NA,0.01,NA,NA,NA,NA,NA,NA,NA,NA,NA,NA,NA
"MARTIN, FD; HENGSTEBECK, MF",1981,Martin and Hengstebeck 1981 - 4,Poecilia reticulata,vertebrate,light,,dark,eyes,unknown,N/A,juvenile,both,captivity,changing,Plastic,chase,61,X2,21.3,6,NA,0.01,NA,NA,NA,NA,NA,NA,NA,NA,NA,NA,NA
"MARTIN, FD; HENGSTEBECK, MF",1981,Martin and Hengstebeck 1981 - 5,Poecilia reticulata,vertebrate,light,,dark,eyes,unknown,N/A,juvenile,both,captivity,changing,Plastic,nip,64,X2,21.3,6,NA,0.01,NA,NA,NA,NA,NA,NA,NA,NA,NA,NA,NA
"MARTIN, FD; HENGSTEBECK, MF",1981,Martin and Hengstebeck 1981 - 6,Poecilia reticulata,vertebrate,light,,dark,eyes,unknown,N/A,juvenile,both,captivity,changing,Plastic,mutual display,27,X2,18.18,6,NA,0.01,NA,NA,NA,NA,NA,NA,NA,NA,NA,NA,NA
"MARTIN, FD; HENGSTEBECK, MF",1981,Martin and Hengstebeck 1981 - 7,Poecilia reticulata,vertebrate,light,,dark,eyes,unknown,N/A,juvenile,both,captivity,changing,Plastic,display,11,X2,18.18,6,NA,0.01,NA,NA,NA,NA,NA,NA,NA,NA,NA,NA,NA
"MARTIN, FD; HENGSTEBECK, MF",1981,Martin and Hengstebeck 1981 - 8,Poecilia reticulata,vertebrate,light,,dark,eyes,unknown,N/A,juvenile,both,captivity,changing,Plastic,chase,16,X2,18.18,6,NA,0.01,NA,NA,NA,NA,NA,NA,NA,NA,NA,NA,NA
"MARTIN, FD; HENGSTEBECK, MF",1981,Martin and Hengstebeck 1981 - 9,Poecilia reticulata,vertebrate,light,,dark,eyes,unknown,N/A,juvenile,both,captivity,changing,Plastic,nip,11,X2,18.18,6,NA,0.01,NA,NA,NA,NA,NA,NA,NA,NA,NA,NA,NA
"Petrocelli, I; Ricciardi, G; de Souza, AR; Ermanni, A; Ninu, A; Turillazzi, S",2015,Petrocelli et al 2015,Polistes gallicus,invertebrate,small black,,large black,head,melanocortin,eumelanin,mature,females,captivity,year round,No,dominance,42,X2,4.011,1,NA,0.042,NA,NA,NA,NA,NA,NA,NA,NA,NA,NA,NA
"Stapley, J",2006,Stapley 2006,Pseudemoia entrecasteauxii,vertebrate,white,,orange,ventral,carotenoid,N/A,mature,males,captivity,year round,Plastic,interactions,32,F,22.46,1,31,0.001,NA,NA,NA,NA,NA,NA,NA,NA,NA,NA,NA
"O'Connor, KI; Metcalfe, NB; Taylor, AC",1999,O'Connor et al 1999,Salmo salar,vertebrate,light grey,slate grey,dark grey,body,melanocortin,eumelanin,mature,both,captivity,year round,No,score,33,r,NA,NA,NA,0.19,-0.23,NA,NA,NA,NA,NA,NA,NA,NA,NA,NA
"Suter, HC; Huntingford, FA",2002,Suter and Huntingford 2002,Salmo salar,vertebrate,pale,,dark,eyes,unknown,N/A,juvenile,both,lab,changing,Plastic,number of acts,7,t,-2.45,6,NA,0.05,NA,NA,NA,NA,NA,NA,NA,NA,NA,NA,NA
"Seddon, RJ; Hews, DK",2016,Seddon and Hews 2016 - 1,Sceloporus occidentalis,vertebrate,white,,black,ventral,melanocortin,eumelanin,mature,males,field,year round,No,chemosensory,30,t,2.08,14,NA,0.047,NA,NA,NA,NA,NA,NA,NA,NA,NA,NA,NA
"Seddon, RJ; Hews, DK",2016,Seddon and Hews 2016 - 2,Sceloporus occidentalis,vertebrate,white,,black,ventral,melanocortin,eumelanin,mature,males,field,year round,No,reposition,30,t,3.221,14,NA,0.003,NA,NA,NA,NA,NA,NA,NA,NA,NA,NA,NA
"Seddon, RJ; Hews, DK",2016,Seddon and Hews 2016 - 3,Sceloporus occidentalis,vertebrate,white,,black,ventral,melanocortin,eumelanin,mature,males,field,year round,No,head-bob bouts,30,t,2.5,14,NA,0.035,NA,NA,NA,NA,NA,NA,NA,NA,NA,NA,NA
"Seddon, RJ; Hews, DK",2016,Seddon and Hews 2016 - 4,Sceloporus occidentalis,vertebrate,white,,black,ventral,melanocortin,eumelanin,mature,males,field,year round,No,fullshow bouts,30,t,2.42,14,NA,0.022,NA,NA,NA,NA,NA,NA,NA,NA,NA,NA,NA
"Seddon, RJ; Hews, DK",2016,Seddon and Hews 2016 - 5,Sceloporus occidentalis,vertebrate,white,,black,ventral,melanocortin,eumelanin,mature,males,field,year round,No,charge,30,t,2.213,14,NA,0.035,NA,NA,NA,NA,NA,NA,NA,NA,NA,NA,NA
"Seddon, RJ; Hews, DK",2016,Seddon and Hews 2016 - 6,Sceloporus occidentalis,vertebrate,white,,black,ventral,melanocortin,eumelanin,mature,males,field,year round,No,biting,30,t,2.04,14,NA,0.051,NA,NA,NA,NA,NA,NA,NA,NA,NA,NA,NA
"Seddon, RJ; Hews, DK",2016,Seddon and Hews 2016 - 7,Sceloporus occidentalis,vertebrate,white,,black,ventral,melanocortin,eumelanin,mature,males,field,year round,No,rate of move toward,30,t,0.42,14,NA,0.681,NA,NA,NA,NA,NA,NA,NA,NA,NA,NA,NA
"Seddon, RJ; Hews, DK",2017,Seddon and Hews 2017,Sceloporus occidentalis,vertebrate,white,,black,chest,melanocortin,eumelanin,mature,males,field,year round,No,physical contact/retreat,78,F,22.42,1,57,0.001,NA,NA,NA,NA,NA,NA,NA,NA,NA,NA,NA
"Robertson, JM; Rosenblum, EB",2010,Robertson and Rosenblum 2010,Sceloporus undulatus,vertebrate,light,,dark,body,pteridine,N/A,mature,males,field,year round,No,seconds,40,mean,NA,NA,NA,,NA,20,27.528,NA,3.964,17.72754693,20,17.913,NA,3.776,16.88678537
"Leitao, AV; Ferreira, AC; Funghi, C; Trigo, S; Mota, PG",2015,Leitao et al. 2015 - 1,Serinus serinus,vertebrate,less yellow,,more yellow,head,carotenoid,N/A,mature,males,captivity,non-breeding,Plastic,score (attacks + displays),28,F,9.977,1,17,0.005,NA,NA,NA,NA,NA,NA,NA,NA,NA,NA,NA
"Leitao, AV; Ferreira, AC; Funghi, C; Trigo, S; Mota, PG",2015,Leitao et al. 2015 - 2,Serinus serinus,vertebrate,less yellow,,more yellow,chest,carotenoid,N/A,mature,males,captivity,non-breeding,Plastic,score (attacks + displays),28,F,0.82,1,17,0.379,NA,NA,NA,NA,NA,NA,NA,NA,NA,NA,NA
"Leitao, AV; Ferreira, AC; Funghi, C; Trigo, S; Mota, PG",2015,Leitao et al. 2015 - 3,Serinus serinus,vertebrate,less yellow,,more yellow,throat,carotenoid,N/A,mature,males,captivity,non-breeding,Plastic,score (attacks + displays),28,F,0.793,1,17,0.385,NA,NA,NA,NA,NA,NA,NA,NA,NA,NA,NA
"Leitao, AV; Ferreira, AC; Funghi, C; Trigo, S; Mota, PG",2015,Leitao et al. 2015 - 4,Serinus serinus,vertebrate,less yellow,,more yellow,belly,carotenoid,N/A,mature,males,captivity,non-breeding,Plastic,score (attacks + displays),28,F,0.001,1,17,0.99,NA,NA,NA,NA,NA,NA,NA,NA,NA,NA,NA
"Mafli A, Kazumasa Wakamatsu, Alexandre Roulin",2011,Mafli et al 2011,Testudo hermanni,vertebrate,light,,dark,shell,melanocortin,pheomelanin,mature,males,captivity,year round,Plastic,index,23,r,NA,NA,NA,0.0001,0.69,NA,NA,NA,NA,NA,NA,NA,NA,NA,NA
"Bruinje, AC; Coelho, FEA; Paiva, TMA; Costa, GC",2019,Bruinje et al 2019,Tropidurus semitaeniatus,vertebrate,yellow,,black,chest,melanocortin,eumelanin,mature,males,lab,breeding,No,"bite,approach,chase,intimidation posture",267,X2,5.69,1,NA,0.05,NA,NA,NA,NA,NA,NA,NA,NA,NA,NA,NA
"Brown, DM; Lattanzio, MS",2018,Brown and Lattanzio 2018,Urosaurus graciosus,vertebrate,yellow,,orange,throat,carotenoid,N/A,mature,males,captivity,year round,No,score,20,X2,5.4,1,NA,0.02,NA,NA,NA,NA,NA,NA,NA,NA,NA,NA,NA
"McElroy, EJ; Marien, C; Meyers, JJ; Irschick, DJ",2007,McElroy et al 2007,Urosaurus ornatus,vertebrate,orange,yellow,blue,ventral,structural,N/A,mature,males,field,year round,No,number of pushups per display,43,F,10.84,1,32,0.002,NA,NA,NA,NA,NA,NA,NA,NA,NA,NA,NA
"Taylor, JN; Lattanzio, MS",2016,Taylor and Lattanzio 2016,Urosaurus ornatus,vertebrate,yellow,,blue,throat,structural,N/A,mature,males,captivity,year round,No,score,76,mean,NA,NA,NA,,NA,41,3.6,NA,0.4,2.561249695,35,4.1,NA,0.5,2.958039892
"Collins, CE; Houtman, AM",1999,Collins and Houtman 1999 - 1,Zonotrichia albicollis,vertebrate,white,,tan,head,melanocortin,pheomelanin,mature,males,field,year round,No,full songs,41,t,1.09,40,NA,0.27,NA,NA,NA,NA,NA,NA,NA,NA,NA,NA,NA
"Collins, CE; Houtman, AM",1999,Collins and Houtman 1999 - 2,Zonotrichia albicollis,vertebrate,white,,tan,head,melanocortin,pheomelanin,mature,males,field,year round,No,pinked,41,t,0.28,40,NA,0.77,NA,NA,NA,NA,NA,NA,NA,NA,NA,NA,NA
"Horton, BM; Hauber, ME; Maney, DL",2012,Horton et al 2012 - 1,Zonotrichia albicollis,vertebrate,white,,tan,throat,melanocortin,pheomelanin,mature,males,captivity,year round,No,vocal aggression score,31,mean,NA,NA,NA,,NA,14,-0.67,NA,0.36,1.346996659,17,0.11,NA,0.01,0.041231056
"Horton, BM; Hauber, ME; Maney, DL",2012,Horton et al 2012 - 2,Zonotrichia albicollis,vertebrate,white,,tan,throat,melanocortin,pheomelanin,mature,males,captivity,year round,No,physical aggression score,31,mean,NA,NA,NA,,NA,14,0.01,NA,0.31,1.15991379,17,0.01,NA,0.36,1.484318025
"Horton, BM; Hauber, ME; Maney, DL",2012,Horton et al 2012 - 3,Zonotrichia albicollis,vertebrate,white,,tan,throat,melanocortin,pheomelanin,mature,females,captivity,year round,No,vocal aggression score,31,mean,NA,NA,NA,,NA,14,0.2,NA,0.33,1.234746938,17,-0.01,NA,0.31,1.278162744
"Horton, BM; Hauber, ME; Maney, DL",2012,Horton et al 2012 - 4,Zonotrichia albicollis,vertebrate,white,,tan,throat,melanocortin,pheomelanin,mature,females,captivity,year round,No,physical aggression score,31,mean,NA,NA,NA,,NA,14,0.84,NA,0.34,1.272163512,17,-0.01,NA,0.59,2.432632319
"Horton, BM; Moore, IT; Maney, DL",2014,Horton et al 2014,Zonotrichia albicollis,vertebrate,white,,tan,throat,melanocortin,pheomelanin,mature,males,captivity,year round,No,territorial,30,t,4.2,29,NA,0.001,NA,NA,NA,NA,NA,NA,NA,NA,NA,NA,NA
"Zinzow-Kramer, WM; Horton, BM; McKee, CD; Michaud, JM; Tharp, GK; Thomas, JW; Tuttle, EM; Yi, S; Maney, DL",2015,Zinzow-Kramer et al 2015 - 1,Zonotrichia albicollis,vertebrate,white,,tan,head,melanocortin,pheomelanin,mature,males,field,year round,No,songs per 10 min,19,mean,NA,NA,NA,,NA,10,23.516,NA,NA,19.68296296,9,1.733,NA,NA,7.089382716
"Zinzow-Kramer, WM; Horton, BM; McKee, CD; Michaud, JM; Tharp, GK; Thomas, JW; Tuttle, EM; Yi, S; Maney, DL",2015,Zinzow-Kramer et al 2015 - 2,Zonotrichia albicollis,vertebrate,white,,tan,head,melanocortin,pheomelanin,mature,males,field,year round,No,trills per 10 min,19,mean,NA,NA,NA,,NA,10,0,NA,NA,0.24691358,9,0,NA,NA,0.49382716
"Zinzow-Kramer, WM; Horton, BM; McKee, CD; Michaud, JM; Tharp, GK; Thomas, JW; Tuttle, EM; Yi, S; Maney, DL",2015,Zinzow-Kramer et al 2015 - 3,Zonotrichia albicollis,vertebrate,white,,tan,head,melanocortin,pheomelanin,mature,males,field,year round,No,chips per 10 min,19,mean,NA,NA,NA,,NA,10,20.846,NA,NA,41.38765432,9,16.172,NA,NA,19.32790123
"Zinzow-Kramer, WM; Horton, BM; McKee, CD; Michaud, JM; Tharp, GK; Thomas, JW; Tuttle, EM; Yi, S; Maney, DL",2015,Zinzow-Kramer et al 2015 - 4,Zonotrichia albicollis,vertebrate,white,,tan,head,melanocortin,pheomelanin,mature,males,field,year round,No,flights per 10 min,19,mean,NA,NA,NA,,NA,10,7.565,NA,NA,9.093333333,9,11.342,NA,NA,11.44197531
"Zinzow-Kramer, WM; Horton, BM; McKee, CD; Michaud, JM; Tharp, GK; Thomas, JW; Tuttle, EM; Yi, S; Maney, DL",2015,Zinzow-Kramer et al 2015 - 5,Zonotrichia albicollis,vertebrate,white,,tan,head,melanocortin,pheomelanin,mature,males,field,year round,No,time in 5 m (min),19,mean,NA,NA,NA,,NA,10,10.154,NA,NA,0.303703704,9,10.155,NA,NA,0.835555556
"Zinzow-Kramer, WM; Horton, BM; McKee, CD; Michaud, JM; Tharp, GK; Thomas, JW; Tuttle, EM; Yi, S; Maney, DL",2015,Zinzow-Kramer et al 2015 - 6,Zonotrichia albicollis,vertebrate,white,,tan,head,melanocortin,pheomelanin,mature,males,field,year round,No,time in 2 m (min),19,mean,NA,NA,NA,,NA,10,7.168,NA,NA,4.40691358,9,6.047,NA,NA,4.021728395
"Zinzow-Kramer, WM; Horton, BM; McKee, CD; Michaud, JM; Tharp, GK; Thomas, JW; Tuttle, EM; Yi, S; Maney, DL",2015,Zinzow-Kramer et al 2015 - 7,Zonotrichia albicollis,vertebrate,white,,tan,head,melanocortin,pheomelanin,mature,males,field,year round,No,latency (min),19,mean,NA,NA,NA,,NA,10,0.782,NA,NA,0.650864198,9,0.977,NA,NA,1.08345679
"Zinzow-Kramer, WM; Horton, BM; McKee, CD; Michaud, JM; Tharp, GK; Thomas, JW; Tuttle, EM; Yi, S; Maney, DL",2015,Zinzow-Kramer et al 2015 - 8,Zonotrichia albicollis,vertebrate,white,,tan,head,melanocortin,pheomelanin,mature,males,field,year round,No,closest approach (m),19,mean,NA,NA,NA,,NA,10,0.247,NA,NA,0.212839506,9,0.354,NA,NA,0.630617284
