X,Authors,Publication.Year,Study,Species,Geographic,Vert_Invert,Color1,Color2,Color3,Pattern,Classification,Eu_Pheomelanin,Social_Rank_Controlled,Obs_vs_Exp,Condition_Stats,Condition,Age,Sex,Location,Season,Plasticity,Aggression,Aggression.Units,Sample.Size,Stat.Test,Test.Statistic,df1,df2,p.value,r,n1,mean1,var1,se1,sd1,n2,mean2,var2,se2,sd2,rho,SE_r,Fisher_Z,SE_Z,Weight
1,"Lehtonen, TK",2014,Lehtonen 2014 - 1,Amphilophus sagittae,Nicaragua,vertebrate,gold,,dark,body,melanocortin,eumelanin,dummy used,Exp,Covariate,Length,mature,males,field,breeding,No,Direct,rate/5 min,45,mean,NA,NA,NA,NA,NA,21,2.655,NA,NA,2.862,24,3.07,NA,NA,2.207,0.020599927,0.15246621,0.020602842,0.15430335,6.480740698
2,"Lehtonen, TK",2014,Lehtonen 2014 - 2,Amphilophus sagittae,Nicaragua,vertebrate,gold,,dark,body,melanocortin,eumelanin,dummy used,Exp,Covariate,Length,mature,females,field,breeding,No,Direct,rate/5 min,38,mean,NA,NA,NA,NA,NA,15,3.463,NA,NA,2.677,23,4.446,NA,NA,1.928,0.06180536,0.166348037,0.061884238,0.169030851,5.916079783
3,"Andrews, TJ; Summers, CH",1996,Andrews and Summers 1996 - 1,Anolis carolinensis,USA,vertebrate,light green,,dark brown,body,melanocortin,eumelanin,isolated,Exp,NS,Weight and length,mature,both,captivity,year round,Plastic,Direct,attacks/bites no male present,18,t,1.92,16,NA,0.072,NA,NA,NA,NA,NA,NA,NA,NA,NA,NA,NA,0.542347965,0.210038491,0.60747602,0.25819889,3.872983346
4,"Andrews, TJ; Summers, CH",1996,Andrews and Summers 1996 - 2,Anolis carolinensis,USA,vertebrate,light green,,dark brown,body,melanocortin,eumelanin,isolated,Exp,NS,Weight and length,mature,both,captivity,year round,Plastic,Direct,attacks/bites with male present,18,F,16.393,5,53,0.001,NA,NA,NA,NA,NA,NA,NA,NA,NA,NA,NA,0.607305598,0.19861708,0.704641404,0.25819889,3.872983346
5,"Deckel, AW; Jevitts, E",1997,Deckel and Jevitts 1997 - 1,Anolis carolinensis,Local Suppliers,vertebrate,green,,brown,body,melanocortin,eumelanin,isolated,Exp,uncontrolled,None measured,mature,males,captivity,year round,Plastic,Direct,headbobs,100,r,NA,NA,NA,0.01,0.495,NA,NA,NA,NA,NA,NA,NA,NA,NA,NA,0.495,0.087771445,0.542661528,0.101534617,9.848857802
6,"Deckel, AW; Jevitts, E",1998,Deckel and Jevitts 1997 - 2,Anolis carolinensis,Local Suppliers,vertebrate,green,,brown,body,melanocortin,eumelanin,isolated,Exp,uncontrolled,None measured,mature,males,captivity,year round,Plastic,Direct,headbobs and dewlaps,100,r,NA,NA,NA,N/A,0.125,NA,NA,NA,NA,NA,NA,NA,NA,NA,NA,0.125,0.100222966,0.125657214,0.101534617,9.848857802
7,"Deckel, AW; Jevitts, E",1999,Deckel and Jevitts 1997 - 3,Anolis carolinensis,Local Suppliers,vertebrate,green,,brown,body,melanocortin,eumelanin,isolated,Exp,uncontrolled,None measured,mature,males,captivity,year round,Plastic,Direct,aggressive movements,100,r,NA,NA,NA,N/A,0.324,NA,NA,NA,NA,NA,NA,NA,NA,NA,NA,0.324,0.095566197,0.33610983,0.101534617,9.848857802
8,"Deckel, AW; Jevitts, E",1997,Deckel and Jevitts 1997 - 4,Anolis carolinensis,Local Suppliers,vertebrate,green,,brown,body,melanocortin,eumelanin,isolated,Exp,uncontrolled,None measured,mature,males,captivity,year round,Plastic,Direct,threated bites,100,r,NA,NA,NA,0.05,0.417,NA,NA,NA,NA,NA,NA,NA,NA,NA,NA,0.417,0.09181342,0.444055027,0.101534617,9.848857802
9,"Clement, TS; Parikh, V; Schrumpf, M; Fernald, RD",2005,Clement et al 2005,Astatotilapia burtoni,Tanzania,vertebrate,drab blue/yellow,,bright blue/yellow,body,carotenoid,N/A,video ,Exp,"NS (F1,10=0.628, p = 0.451)",Size Matched -activity level same,mature,males,lab,year round,Plastic,Direct,territorial,28,mean,NA,NA,NA,NA,NA,5,0.382,NA,0.144,0.322,5,0.732,NA,0.028,0.063,0.363535193,0.18269796,0.380953444,0.2,5
10,"Korzan, WJ; Robison, RR; Zhao, S; Fernald, RD",2008,Korzan et al 2008,Astatotilapia burtoni,Tanzania,vertebrate,blue,,yellow,body,carotenoid,N/A,new individuals,Exp,Size matched,Weight and growth rate,mature,males,lab,year round,Plastic,Direct,dominance index,16,t,3.1,15,NA,0.007,NA,NA,NA,NA,NA,NA,NA,NA,NA,NA,NA,0.783187641,0.166179146,1.053562788,0.277350098,3.605551275
11,"Renn, SCP; Fraser, EJ; Aubin-Horth, N; Trainor, BC; Hofmann, HA",2012,Renn et al 2012,Astatotilapia burtoni,Tanzania,vertebrate,no black,,black,face,melanocortin,eumelanin,uncontrolled,Obs,Size matched,Weight and length,mature,females,lab,year round,No,Direct,number of chases,36,mean,NA,NA,NA,NA,NA,21,0.84,NA,0.16,0.733212111,15,11.46,NA,0.86,3.330765678,1.022167924,0.024192853,2.646652412,0.174077656,5.744562647
12,"Boerner, M; Kruger, O",2009,Boerner and Kruger 2009 - 1,Buteo buteo,Germany,vertebrate,light,intermediate,dark,body,melanocortin,eumelanin,dummy used,Exp,uncontrolled,None measured,mature,males,field,breeding,No,Indirect,score,54,mean,NA,NA,NA,NA,NA,16,1.728,NA,0.141,0.564,7,0.57,NA,0.368,0.9736,-0.316896469,0.131527756,-0.328193328,0.140028008,7.141428429
13,"Boerner, M; Kruger, O",2009,Boerner and Kruger 2009 - 2,Buteo buteo,Germany,vertebrate,light,intermediate,dark,body,melanocortin,eumelanin,dummy used,Exp,uncontrolled,None measured,mature,females,field,breeding,No,Indirect,score,54,mean,NA,NA,NA,NA,NA,20,0.632,NA,0.176,0.7871,4,1.71,NA,0.255,0.51,0.180811085,0.136389385,0.182821059,0.140028008,7.141428429
14,"Chaine, AS; Lyon, BE",2008,Chaine and Lyon 2008 - 1,Calamospiza melanocorys,USA,vertebrate,light,,dark,rump,melanocortin,eumelanin,uncontrolled,Obs,"NS (t45 = 0.74, p = 0.46)",Length,mature,males,field,breeding,No,Direct,territorial,94,t,2.84,46,NA,0.007,NA,NA,NA,NA,NA,NA,NA,NA,NA,NA,NA,0.484080697,0.091227492,0.528300218,0.104828484,9.539392014
15,"Chaine, AS; Lyon, BE",2009,Chaine and Lyon 2008 - 2,Calamospiza melanocorys,USA,vertebrate,light,,dark,rump,melanocortin,eumelanin,dummy used,Exp,Covariate,Length,mature,males,field,breeding,No,Direct,physical aggression score,94,r,NA,NA,NA,NA,0.269,NA,NA,NA,NA,NA,NA,NA,NA,NA,NA,0.269,0.100414305,0.275785504,0.104828484,9.539392014
16,"Chaine, AS; Lyon, BE",2008,Chaine and Lyon 2008 - 3,Calamospiza melanocorys,USA,vertebrate,light,,dark,body,melanocortin,eumelanin,uncontrolled,Obs,"NS (t45 = 0.74, p = 0.46)",Length,mature,males,field,breeding,No,Direct,territorial,94,t,2.11,46,NA,0.004,NA,NA,NA,NA,NA,NA,NA,NA,NA,NA,NA,0.372308344,0.096762062,0.391100236,0.104828484,9.539392014
17,"Kim, YK; Lee, SS; Oh, SI; Kim, JS; Suh, EH; Houpt, KA; Lee, HC; Lee, HJ; Yeon, SC",2010,Kim et al 2010,Canis lupus familiaris,South Korea,vertebrate,white,,fawn,body,melanocortin,pheomelanin,new individuals,Exp,uncontrolled,None measured,both,both,domestic,year round,No,Indirect,reactivity score,51,mean,NA,NA,NA,NA,NA,20,1.234,NA,NA,0.625,31,1.344,NA,NA,0.36,0.025411787,0.14281101,0.025417259,0.144337567,6.92820323
18,"Podberscek, AL; Serpell, JA",1996,Podberscek and Serpell 1996 - 1,Canis lupus familiaris,UK,vertebrate,black,,red/golden,body,melanocortin,pheomelanin,isolated,Obs,uncontrolled,None measured,both,both,domestic,year round,No,Indirect,strange dogs,428,t,2.582,427,NA,0.01,NA,NA,NA,NA,NA,NA,NA,NA,NA,NA,NA,0.155395389,0.047861603,0.156664645,0.048507125,20.61552813
19,"Podberscek, AL; Serpell, JA",1996,Podberscek and Serpell 1996 - 2,Canis lupus familiaris,UK,vertebrate,black,,red/golden,body,melanocortin,pheomelanin,isolated,Obs,uncontrolled,None measured,both,both,domestic,year round,No,Indirect,when in restricted spaces,423,t,2.4,422,NA,0.05,NA,NA,NA,NA,NA,NA,NA,NA,NA,NA,NA,0.145435723,0.048218831,0.146474333,0.048795004,20.49390153
20,"Podberscek, AL; Serpell, JA",1996,Podberscek and Serpell 1996 - 3,Canis lupus familiaris,UK,vertebrate,black,,red/golden,body,melanocortin,pheomelanin,isolated,Obs,uncontrolled,None measured,both,both,domestic,year round,No,Indirect,meal times,426,t,3.492,425,NA,0.001,NA,NA,NA,NA,NA,NA,NA,NA,NA,NA,NA,0.209313406,0.047488526,0.212453185,0.048621664,20.5669638
21,"Podberscek, AL; Serpell, JA",1996,Podberscek and Serpell 1996 - 4,Canis lupus familiaris,UK,vertebrate,black,,red/golden,body,melanocortin,pheomelanin,isolated,Obs,uncontrolled,None measured,both,both,domestic,year round,No,Indirect,no reason,428,t,3.643,427,NA,0.001,NA,NA,NA,NA,NA,NA,NA,NA,NA,NA,NA,0.217599979,0.047289197,0.221135412,0.048507125,20.61552813
22,"Podberscek, AL; Serpell, JA",1996,Podberscek and Serpell 1996 - 5,Canis lupus familiaris,UK,vertebrate,black,,red/golden,body,melanocortin,pheomelanin,isolated,Obs,uncontrolled,None measured,both,both,domestic,year round,No,Indirect,approaching owner away from home,426,t,2.774,425,NA,0.01,NA,NA,NA,NA,NA,NA,NA,NA,NA,NA,NA,0.167138084,0.047881163,0.168721044,0.048621664,20.5669638
23,"Podberscek, AL; Serpell, JA",1996,Podberscek and Serpell 1996 - 6,Canis lupus familiaris,UK,vertebrate,black,,red/golden,body,melanocortin,pheomelanin,isolated,Obs,uncontrolled,None measured,both,both,domestic,year round,No,Indirect,toward children,142,t,3.365,141,NA,0.001,NA,NA,NA,NA,NA,NA,NA,NA,NA,NA,NA,0.341713348,0.079427954,0.356031109,0.084818893,11.78982612
24,"Podberscek, AL; Serpell, JA",1996,Podberscek and Serpell 1996 - 7,Canis lupus familiaris,UK,vertebrate,black,,red/golden,body,melanocortin,pheomelanin,isolated,Obs,uncontrolled,None measured,both,both,domestic,year round,No,Indirect,attention on others in house,425,t,3.336,424,NA,0.001,NA,NA,NA,NA,NA,NA,NA,NA,NA,NA,NA,0.200436596,0.047634969,0.203187383,0.048679238,20.54263858
25,"Podberscek, AL; Serpell, JA",1996,Podberscek and Serpell 1996 - 8,Canis lupus familiaris,UK,vertebrate,black,,red/golden,body,melanocortin,pheomelanin,isolated,Obs,uncontrolled,None measured,both,both,domestic,year round,No,Indirect,toward owner or family,428,t,4.988,427,NA,0.001,NA,NA,NA,NA,NA,NA,NA,NA,NA,NA,NA,0.294086273,0.046307638,0.303033557,0.048507125,20.61552813
26,"Podberscek, AL; Serpell, JA",1996,Podberscek and Serpell 1996 - 9,Canis lupus familiaris,UK,vertebrate,black,,red/golden,body,melanocortin,pheomelanin,isolated,Obs,uncontrolled,None measured,both,both,domestic,year round,No,Indirect,when disciplined,427,t,4.524,426,NA,0.001,NA,NA,NA,NA,NA,NA,NA,NA,NA,NA,NA,0.268341633,0.046728069,0.275075916,0.048564293,20.59126028
27,"Podberscek, AL; Serpell, JA",1996,Podberscek and Serpell 1996 - 10,Canis lupus familiaris,UK,vertebrate,black,,red/golden,body,melanocortin,pheomelanin,isolated,Obs,uncontrolled,None measured,both,both,domestic,year round,No,Indirect,when reached for or handled,428,t,3.161,427,NA,0.01,NA,NA,NA,NA,NA,NA,NA,NA,NA,NA,NA,0.189516807,0.047572119,0.191835927,0.048507125,20.61552813
28,"Jawor, JM; Gray, N; Beall, SM; Breitwisch, R",2004,Jawor et al 2004,Cardinalis cardinalis,USA,vertebrate,light black,,dark black,face,melanocortin,eumelanin,dummy used,Exp,Covariate,Length and growth rate,mature,females,field,year round,No,Direct,attacks,22,t,2.09,21,NA,0.05,NA,NA,NA,NA,NA,NA,NA,NA,NA,NA,NA,0.520070541,0.190987779,0.576436444,0.229415734,4.358898944
29,"BARLOW, GW; SIRI, P",1994,Barlow and Siri 1994,Cichlasoma citrinellum,Nicaragua,vertebrate,grey,,golden,body,carotenoid,N/A,dummy used,Exp,Size matched,Weight and length,juvenile,both,captivity,year round,Plastic,Direct,attacks,36,F,0.769,1,27,0.388,NA,NA,NA,NA,NA,NA,NA,NA,NA,NA,NA,0.027692751,0.171432812,0.027699833,0.174077656,5.744562647
30,"Beeching, SC; Gross, SH; Bretz, HS; Hariatis, E",1998,Beeching et al 1998 - 1,Cichlasoma nigrofasciatum,Local Suppliers,vertebrate,dull orange,,bright orange,ventral,carotenoid,N/A,isolated and videos,Exp,uncontrolled,None measured,mature,females,lab,year round,Plastic,Direct,approach,11,r,NA,NA,NA,NS,-0.65,NA,NA,NA,NA,NA,NA,NA,NA,NA,NA,-0.65,0.253311403,-0.775298706,0.353553391,2.828427125
31,"Beeching, SC; Gross, SH; Bretz, HS; Hariatis, E",1998,Beeching et al 1998 - 2,Cichlasoma nigrofasciatum,Local Suppliers,vertebrate,dull orange,,bright orange,ventral,carotenoid,N/A,isolated and videos,Exp,uncontrolled,None measured,mature,females,lab,year round,Plastic,Direct,lateral display,11,r,NA,NA,NA,NS,-0.51,NA,NA,NA,NA,NA,NA,NA,NA,NA,NA,-0.51,0.2867248,-0.562729769,0.353553391,2.828427125
32,"Beeching, SC; Gross, SH; Bretz, HS; Hariatis, E",1998,Beeching et al 1998 - 3,Cichlasoma nigrofasciatum,Local Suppliers,vertebrate,dull orange,,bright orange,ventral,carotenoid,N/A,isolated and videos,Exp,uncontrolled,None measured,mature,females,lab,year round,Plastic,Direct,frontal display,11,r,NA,NA,NA,0.005,-0.77,NA,NA,NA,NA,NA,NA,NA,NA,NA,NA,-0.77,0.212681295,-1.020327758,0.353553391,2.828427125
33,"Beeching, SC; Gross, SH; Bretz, HS; Hariatis, E",1998,Beeching et al 1998 - 4,Cichlasoma nigrofasciatum,Local Suppliers,vertebrate,dull orange,,bright orange,ventral,carotenoid,N/A,isolated and videos,Exp,uncontrolled,None measured,mature,females,lab,year round,Plastic,Direct,bite,11,r,NA,NA,NA,0.02,-0.69,NA,NA,NA,NA,NA,NA,NA,NA,NA,NA,-0.69,0.241269789,-0.847955755,0.353553391,2.828427125
34,"Yewers, MSC; Pryke, S; Stuart-Fox, D",2016,Yewers et al 2016,Ctenophorus decresii,Australia,vertebrate,grey,yellow,orange,throat,carotenoid,N/A,dummy used,Exp,"Covariate (F1,28.2= 3.64, p = 0.067)",Weight and length,mature,males,field,year round,Plastic,Indirect,score,34,F,2.94,3,28.5,0.05,NA,NA,NA,NA,NA,NA,NA,NA,NA,NA,NA,0.236334405,0.171768926,0.240888083,0.179605302,5.567764363
35,"Korsten, P; Dijkstra, TH; Komdeur, J",2007,Korsten et al 2007,Cyanistes caeruleus,Netherlands,vertebrate,reduced blue,,blue,head,structural,N/A,dummy and speaker,Exp,NS,Weight,both,males,field,year round,Plastic,Direct,attack,23,t,0.2,13.1,NA,0.85,NA,NA,NA,NA,NA,NA,NA,NA,NA,NA,NA,0.069150011,0.217695536,0.069260547,0.223606798,4.472135955
36,"Pryke, SR; Griffith, SC",2009,Pryke and Griffith 2009,Erythrura gouldiae,Australia,vertebrate,red,,black,face,melanocortin,eumelanin,dummy used,Exp,Covariate,Weight and length,juvenile,females,lab,year round,Plastic,Indirect,score,76,F,14.32,1,75,0.001,NA,NA,NA,NA,NA,NA,NA,NA,NA,NA,NA,0.160322436,0.11474394,0.161717621,0.117041147,8.544003745
37,"Williams, LJ; King, AJ; Mettke-Hofmann, C",2012,Williams et al 2012,Erythrura gouldiae,Local Suppliers,vertebrate,red,,black,head,melanocortin,eumelanin,new individuals,Obs,Size matched,Length,mature,both,captivity,year round,Plastic,Indirect,score,40,mean,NA,NA,NA,,NA,20,2.103,NA,0.718,3.210993616,20,0.407,NA,0.222,0.992814182,-0.077659894,0.161731498,-0.077816586,0.164398987,6.08276253
38,"Pryke, SR; Lawes, MJ; Andersson, S",2001,Prkye et al 2001 - 1,Euplectes ardens,South Africa,vertebrate,small yellow,average orange,large red,collar brightness,carotenoid,N/A,uncontrolled,Obs,Covariate,Weight and length,mature,males,field,year round,Plastic,Direct,number of interactions,33,r,NA,NA,NA,NS,-0.23,NA,NA,NA,NA,NA,NA,NA,NA,NA,NA,-0.23,0.174790197,-0.234189467,0.182574186,5.477225575
39,"Pryke, SR; Lawes, MJ; Andersson, S",2001,Prkye et al 2001 - 2,Euplectes ardens,South Africa,vertebrate,small yellow,average orange,large red,collar hue,carotenoid,N/A,uncontrolled,Obs,Covariate,Weight and length,mature,males,field,year round,Plastic,Direct,number of interactions,33,r,NA,NA,NA,0.001,-0.47,NA,NA,NA,NA,NA,NA,NA,NA,NA,NA,-0.47,0.158531568,-0.510070337,0.182574186,5.477225575
40,"Pryke, SR; Lawes, MJ; Andersson, S",2001,Prkye et al 2001 - 3,Euplectes ardens,South Africa,vertebrate,small yellow,average orange,large red,collar chroma,carotenoid,N/A,uncontrolled,Obs,Covariate,Weight and length,mature,males,field,year round,Plastic,Direct,number of interactions,33,r,NA,NA,NA,NS,-0.14,NA,NA,NA,NA,NA,NA,NA,NA,NA,NA,-0.14,0.17783646,-0.140925576,0.182574186,5.477225575
41,"Pryke, SR; Lawes, MJ; Andersson, S",2001,Prkye et al 2001 - 4,Euplectes ardens,South Africa,vertebrate,small yellow,average orange,large red,collar area,carotenoid,N/A,uncontrolled,Obs,Covariate,Weight and length,mature,males,field,year round,Plastic,Direct,number of interactions,43,r,NA,NA,NA,0.001,-0.65,NA,NA,NA,NA,NA,NA,NA,NA,NA,NA,-0.65,0.118681784,-0.775298706,0.158113883,6.32455532
42,"Dale, S; Slagsvold, T",1996,Dale and Slagsvold 1996,Ficedula hypoleuca,Norway,vertebrate,dull,,bright,body,melanocortin,eumelanin,uncontrolled,Exp,uncontrolled,None measured,mature,both,field,breeding,Plastic,Direct,response time,15,t,2.61,14,NA,0.005,NA,NA,NA,NA,NA,NA,NA,NA,NA,NA,NA,0.717038531,0.193322318,0.901522783,0.288675135,3.464101615
43,"HUHTA, E; ALATALO, RV",1993,Huhta and Alatalo 1993 - 1,Ficedula hypoleuca,Finland,vertebrate,light brown,,brown,body,melanocortin,eumelanin,dummy used,Exp,uncontrolled,Length,mature,males,field,year round,Plastic,Indirect,score,36,r,NA,NA,NA,0.1,0.21,NA,NA,NA,NA,NA,NA,NA,NA,NA,NA,0.21,0.167674404,0.213171347,0.174077656,5.744562647
44,"HUHTA, E; ALATALO, RV",1993,Huhta and Alatalo 1993 - 2,Ficedula hypoleuca,Finland,vertebrate,light brown,,brown,body,melanocortin,eumelanin,dummy used,Exp,uncontrolled,Length,juvenile,males,field,year round,Plastic,Indirect,score,31,r,NA,NA,NA,0.1,-0.15,NA,NA,NA,NA,NA,NA,NA,NA,NA,NA,-0.15,0.183594381,-0.151140436,0.188982237,5.291502622
45,"HUHTA, E; ALATALO, RV",1993,Huhta and Alatalo 1993 - 3,Ficedula hypoleuca,Finland,vertebrate,light brown,,brown,body,melanocortin,eumelanin,dummy used,Exp,uncontrolled,Length,mature,males,field,year round,Plastic,Indirect,distance,41,r,NA,NA,NA,0.1,-0.11,NA,NA,NA,NA,NA,NA,NA,NA,NA,NA,-0.11,0.15915643,-0.110446916,0.162221421,6.164414003
46,"HUHTA, E; ALATALO, RV",1993,Huhta and Alatalo 1993 - 4,Ficedula hypoleuca,Finland,vertebrate,light brown,,brown,body,melanocortin,eumelanin,dummy used,Exp,uncontrolled,Length,mature,males,field,year round,Plastic,Direct,attacks,41,r,NA,NA,NA,0.1,0.14,NA,NA,NA,NA,NA,NA,NA,NA,NA,NA,0.14,0.158551132,0.140925576,0.162221421,6.164414003
47,"HUHTA, E; ALATALO, RV",1993,Huhta and Alatalo 1993 - 5,Ficedula hypoleuca,Finland,vertebrate,light brown,,brown,body,melanocortin,eumelanin,dummy used,Exp,uncontrolled,Length,juvenile,males,field,year round,Plastic,Indirect,distance,33,r,NA,NA,NA,0.1,0.1,NA,NA,NA,NA,NA,NA,NA,NA,NA,NA,0.1,0.178705019,0.100335348,0.182574186,5.477225575
48,"HUHTA, E; ALATALO, RV",1993,Huhta and Alatalo 1993 - 6,Ficedula hypoleuca,Finland,vertebrate,light brown,,brown,body,melanocortin,eumelanin,dummy used,Exp,uncontrolled,Length,juvenile,males,field,year round,Plastic,Direct,attacks,33,r,NA,NA,NA,0.1,-0.29,NA,NA,NA,NA,NA,NA,NA,NA,NA,NA,-0.29,0.17188706,-0.298566264,0.182574186,5.477225575
49,"Karlsson, AC; Mormede, P; Kerje, S; Jensen, P",2011,Karlsson et al 2011 - 1,Gallus gallus domesticus,Sweden,vertebrate,white,,wild type,body,melanocortin,eumelanin,isolated and mirror,Exp,NS,Weight,juvenile,females,domestic,year round,No,Direct,% of obs,23,mean,NA,NA,NA,NA,NA,9,2.2,NA,0.5,1.5,14,1.1,NA,0.3,1.1225,-0.163386594,0.215285505,-0.164864212,0.223606798,4.472135955
50,"Karlsson, AC; Mormede, P; Kerje, S; Jensen, P",2011,Karlsson et al 2011 - 2,Gallus gallus domesticus,Sweden,vertebrate,white,,wild type,body,melanocortin,eumelanin,isolated and mirror,Exp,NS,Weight,juvenile,males,domestic,year round,No,Direct,% of obs,22,mean,NA,NA,NA,NA,NA,6,2,NA,0.7,1.715,16,3.6,NA,0.6,2.4,0.226332231,0.217804238,0.230320262,0.229415734,4.358898944
51,"Karlsson, AC; Mormede, P; Kerje, S; Jensen, P",2011,Karlsson et al 2011 - 3,Gallus gallus domesticus,Sweden,vertebrate,white,,wild type,body,melanocortin,eumelanin,isolated and mirror,Exp,NS,Weight,mature,females,domestic,year round,No,Direct,% of obs,23,mean,NA,NA,NA,NA,NA,9,1.5,NA,0.6,1.8,14,2,NA,0.7,2.6192,0.059023845,0.217837443,0.059092531,0.223606798,4.472135955
52,"Karlsson, AC; Mormede, P; Kerje, S; Jensen, P",2011,Karlsson et al 2011 - 4,Gallus gallus domesticus,Sweden,vertebrate,white,,wild type,body,melanocortin,eumelanin,isolated and mirror,Exp,NS,Weight,mature,males,domestic,year round,No,Direct,% of obs,22,mean,NA,NA,NA,NA,NA,6,0,NA,0,0,16,6.2,NA,2,8,0.516876872,0.19142078,0.572068633,0.229415734,4.358898944
53,"Nie, CS; Ban, LP; Ning, ZH; Qu, LJ",2019,Nie et al 2019 - 1,Gallus gallus domesticus,China,vertebrate,white,,red,body,melanocortin,eumelanin,uncontrolled,Obs,NS,Weight,mature,females,domestic,year round,No,Direct,chase and attack,10,mean,NA,NA,NA,,NA,5,40.6,NA,NA,6.8,5,24.8,NA,NA,45.57,-0.306870989,0.336494836,-0.317087428,0.377964473,2.645751311
54,"Nie, CS; Ban, LP; Ning, ZH; Qu, LJ",2019,Nie et al 2019 - 2,Gallus gallus domesticus,China,vertebrate,white,,red,body,melanocortin,eumelanin,uncontrolled,Obs,NS,Weight,mature,females,domestic,year round,No,Direct,peak and threat,10,mean,NA,NA,NA,,NA,5,236.6,NA,NA,33.49,5,158.4,NA,NA,45.54,-0.635436684,0.272997303,-0.750482445,0.377964473,2.645751311
55,"O'Connor, EA; Saunders, JE; Grist, H; McLeman, MA; Wathes, CM; Abeyesinghe, SM",2011,O'Connor et al 2011 - 1,Gallus gallus domesticus,UK,vertebrate,small,,large,comb,melanocortin,eumelanin,uncontrolled,Obs,"Covariate (F1,111 = 0.01, P = 0.91)",Weight and comb size,mature,females,domestic,year round,No,Indirect,dominance score and area,120,F,13.68,1,110,0.001,NA,NA,NA,NA,NA,NA,NA,NA,NA,NA,NA,0.110608021,0.091492607,0.111062425,0.092450033,10.81665383
56,"O'Connor, EA; Saunders, JE; Grist, H; McLeman, MA; Wathes, CM; Abeyesinghe, SM",2011,O'Connor et al 2011 - 2,Gallus gallus domesticus,UK,vertebrate,small,,large,comb,melanocortin,eumelanin,uncontrolled,Obs,"Covariate (F1,111 = 0.01, P = 0.91)",Weight and comb size,mature,females,domestic,year round,No,Indirect,dominance score and luminance,120,F,2.75,1,100,0.1,NA,NA,NA,NA,NA,NA,NA,NA,NA,NA,NA,0.02676399,0.092024485,0.026770383,0.092450033,10.81665383
57,"Horth, L",2003,Horth 2003,Gambusia holbrooki,USA,vertebrate,silver,,black,body,melanocortin,eumelanin,uncontrolled,Exp,"NS (t9 = 0.297, p=0.773)",Length,mature,males,captivity,year round,No,Direct,time,8,t,2.74,7,NA,0.029,NA,NA,NA,NA,NA,NA,NA,NA,NA,NA,NA,0.901597533,0.176598361,1.480691874,0.447213595,2.236067977
58,"Baube, CL",1997,Baube 1997,Gasterosteus aculeatus,USA,vertebrate,dull red,,bright red,body,carotenoid,N/A,isolated,Exp,Size matched,Weight per length,mature,males,lab,breeding,Plastic,Direct,latency seconds,170,X2,10.741,1,NA,0.001,NA,NA,NA,NA,NA,NA,NA,NA,NA,NA,NA,0.251361001,0.074674598,0.256865075,0.077382323,12.92284798
59,"Tinghitella, RM; Lehto, WR; Minter, R",2015,Tinghitella et al 2015 - 1,Gasterosteus aculeatus,USA,vertebrate,red,,black,body,melanocortin,eumelanin,uncontrolled,Exp,"Covariate (t = 2.54, P = 0.017 N =33 males, = 4.92, P <0.001, N = 27 females)",Length,mature,males,captivity,year round,No,Direct,number of behaviors,10,F,25.55,1,9.6,0.001,NA,NA,NA,NA,NA,NA,NA,NA,NA,NA,NA,0.72688478,0.242806126,0.9220903,0.377964473,2.645751311
60,"Tinghitella, RM; Lehto, WR; Minter, R",2015,Tinghitella et al 2015 - 2,Gasterosteus aculeatus,USA,vertebrate,red,,black,body,melanocortin,eumelanin,uncontrolled,Exp,"Covariate (t = 2.54, P = 0.017 N =33 males, = 4.92, P <0.001, N = 27 females)",Length,mature,females,captivity,year round,No,Direct,number of behaviors,6,F,5.06,1,4.8,0.077,NA,NA,NA,NA,NA,NA,NA,NA,NA,NA,NA,0.513184584,0.429139133,0.567043338,0.577350269,1.732050808
61,"Tinghitella, RM; Lehto, WR; Lierheimer, VF",2018,Tinghitella et al 2018 - 1,Gasterosteus aculeatus,USA,vertebrate,red,,black,body,melanocortin,eumelanin,uncontrolled,Exp,Size matched,Weight and length,mature,males,captivity,year round,No,Direct,"approach, bite, chase",20,X2,2.18,2,NA,0.34,NA,NA,NA,NA,NA,NA,NA,NA,NA,NA,NA,0.33015148,0.222485955,0.342998257,0.242535625,4.123105626
62,"Tinghitella, RM; Lehto, WR; Lierheimer, VF",2018,Tinghitella et al 2018 - 2,Gasterosteus aculeatus,USA,vertebrate,red,,black,body,melanocortin,eumelanin,uncontrolled,Exp,Size matched,Weight and length,mature,males,captivity,year round,No,Indirect,wins,20,X2,0.46,1,NA,0.5,NA,NA,NA,NA,NA,NA,NA,NA,NA,NA,NA,0.151657509,0.232975917,0.15283653,0.242535625,4.123105626
63,"Yong, L; Woodall, BE; Pierotti, MER; McKinnon, JS",2015,Yong et al 2015 - 1,Gasterosteus aculeatus,Canada,vertebrate,no red,,red,throat,carotenoid,N/A,isolated 24 hr prior,Exp,Size matched,length,mature,females,captivity,breeding,Plastic,Direct,bite rate,40,F,0.25,1,39,>0.05,NA,NA,NA,NA,NA,NA,NA,NA,NA,NA,NA,0.006369427,0.16221813,0.006369513,0.164398987,6.08276253
64,"Yong, L; Woodall, BE; Pierotti, MER; McKinnon, JS",2015,Yong et al 2015 - 2,Gasterosteus aculeatus,Canada,vertebrate,no red,,red,throat,carotenoid,N/A,isolated 24 hr prior,Exp,Size matched,length,mature,females,captivity,breeding,Plastic,Direct,lunge,40,F,1.46,1,39,>0.05,NA,NA,NA,NA,NA,NA,NA,NA,NA,NA,NA,0.036085022,0.16211577,0.036100697,0.164398987,6.08276253
65,"Yong, L; Woodall, BE; Pierotti, MER; McKinnon, JS",2015,Yong et al 2015 - 3,Gasterosteus aculeatus,Canada,vertebrate,no red,,red,throat,carotenoid,N/A,isolated 24 hr prior,Exp,Size matched,length,mature,females,captivity,breeding,Plastic,Direct,chase,40,F,0.02,1,39,>0.05,NA,NA,NA,NA,NA,NA,NA,NA,NA,NA,NA,0.000512558,0.1622214,0.000512558,0.164398987,6.08276253
66,"Yong, LX; Lee, B; Mckinnon, JS",2018,Yong et al 2018 - 1,Gasterosteus aculeatus,USA,vertebrate,less red,,more red,throat,carotenoid,N/A,uncontrolled,Exp,Size matched,length,mature,females,captivity,breeding,Plastic,Indirect,bite rate,43,F,0.127,1,38,0.127,NA,NA,NA,NA,NA,NA,NA,NA,NA,NA,NA,0.003330973,0.156172895,0.003330985,0.158113883,6.32455532
67,"Yong, LX; Lee, B; Mckinnon, JS",2018,Yong et al 2018 - 2,Gasterosteus aculeatus,USA,vertebrate,less red,,more red,spine,carotenoid,N/A,uncontrolled,Exp,Size matched,length,mature,females,captivity,breeding,Plastic,Indirect,bite rate,43,F,0.039,1,38,0.84,NA,NA,NA,NA,NA,NA,NA,NA,NA,NA,NA,0.001025264,0.15617368,0.001025264,0.158113883,6.32455532
68,"McGraw, KJ; Medina-Jerez, W; Adams, H",2007,McGraw et al 2007,Haemorhous mexicanus,USA,vertebrate,light red,,bright red,ventral,carotenoid,N/A,new individuals,Exp,NS,Weight and length,mature,males,captivity,non-breeding,No,Indirect,encounters won,16,t,-1.72,15,NA,0.09,NA,NA,NA,NA,NA,NA,NA,NA,NA,NA,NA,0.508691599,0.230098249,0.560963012,0.277350098,3.605551275
69,"Dijkstra, PD; van Dijk, S; Groothuis, TGG; Pierotti, MER; Seehausen, O",2009,Dijkstra et al 2009b,Haplochromis paludinosus,Tanzania,vertebrate,plain,orange blotched,black/white blothced,body,melanocortin,eumelanin,isolated,Exp,Size matched,weight,mature,females,lab,year round,No,Indirect,rank,12,X2,9.5,2,NA,0.009,NA,NA,NA,NA,NA,NA,NA,NA,NA,NA,NA,0.889756521,0.144337567,1.420755955,0.333333333,3
70,"Dijkstra, PD; Hemelrijk, C; Seehausen, O; Groothuis, TGG",2009,Dijkstra et al 2009a,Haplochromis paludinosus,Tanzania,vertebrate,red,,blue,body,unknown,N/A,isolated,Exp,Size matched,weight,mature,males,field,year round,No,Direct,attacks,24,F,8.378,1,12,0.007,NA,NA,NA,NA,NA,NA,NA,NA,NA,NA,NA,0.41112965,0.194348844,0.436969896,0.21821789,4.582575695
71,"Vercken, E; Clobert, J",2008,Vercken and Clobert 2008 - 1,Lacerta vivipara,France,vertebrate,orange,mixed,yellow,ventral,carotenoid,N/A,isolated,Exp,Covariate,Weight and length,mature,females,captivity,year round,Plastic,Direct,scratching time,238,F,0.16,1,233,0.68,NA,NA,NA,NA,NA,NA,NA,NA,NA,NA,NA,0.000686224,0.06509444,0.000686224,0.065232807,15.32970972
72,"Vercken, E; Clobert, J",2008,Vercken and Clobert 2008 - 2,Lacerta vivipara,France,vertebrate,orange,mixed,yellow,ventral,carotenoid,N/A,isolated,Exp,Covariate,Weight and length,mature,females,captivity,year round,Plastic,Direct,bite attempts,238,X2,3.95,2,NA,0.14,NA,NA,NA,NA,NA,NA,NA,NA,NA,NA,NA,0.128827942,0.064552021,0.129547828,0.065232807,15.32970972
73,"Vercken, E; Clobert, J",2008,Vercken and Clobert 2008 - 3,Lacerta vivipara,France,vertebrate,orange,mixed,yellow,ventral,carotenoid,N/A,isolated,Exp,Covariate,Weight and length,mature,females,captivity,year round,Plastic,Direct,flee attempts,231,X2,16.18,1,NA,0.0001,NA,NA,NA,NA,NA,NA,NA,NA,NA,NA,NA,0.264656929,0.063725555,0.271109504,0.066226618,15.09966887
74,"Leitao, AV; Hall, ML; Delhey, K; Mulder, RA",2019,Leitao et al. 2019 - 1,Malurus amabilis,Australia,vertebrate,less blue,,more blue,cheek,structural,N/A,mirror,Exp,Covariate,Length,mature,both,captivity,breeding,No,Indirect,score (attacks + displays),64,t,-2.76,35.6,NA,0.01,NA,NA,NA,NA,NA,NA,NA,NA,NA,NA,NA,0.526185284,0.107997091,0.584855136,0.12803688,7.810249676
75,"Leitao, AV; Hall, ML; Delhey, K; Mulder, RA",2019,Leitao et al. 2019 - 2,Malurus amabilis,Australia,vertebrate,grey,,blue,cheek,structural,N/A,mirror,Exp,Covariate,Length,mature,both,captivity,breeding,No,Indirect,score,64,t,0.34,59.91,NA,0.93,NA,NA,NA,NA,NA,NA,NA,NA,NA,NA,NA,0.055001002,0.126807887,0.055056564,0.12803688,7.810249676
76,"Leitao, AV; Hall, ML; Delhey, K; Mulder, RA",2019,Leitao et al. 2019 - 3,Malurus amabilis,Australia,vertebrate,blender,,blue,cheek,structural,N/A,mirror,Exp,Covariate,Length,mature,both,captivity,breeding,No,Indirect,score,64,t,-2.47,59.62,NA,0.04,NA,NA,NA,NA,NA,NA,NA,NA,NA,NA,NA,0.381860855,0.117376035,0.402236365,0.12803688,7.810249676
77,"Leitao, AV; Hall, ML; Delhey, K; Mulder, RA",2019,Leitao et al. 2019 - 4,Malurus amabilis,Australia,vertebrate,blender,,grey,cheek,structural,N/A,mirror,Exp,Covariate,Length,mature,both,captivity,breeding,No,Indirect,score,64,t,-2.29,60,NA,0.06,NA,NA,NA,NA,NA,NA,NA,NA,NA,NA,NA,0.355324209,0.118712495,0.371524217,0.12803688,7.810249676
78,"Barron, DG; Webster, MS; Schwabl, H",2015,Barron et al 2015,Malurus melanocephalus,Australia,vertebrate,auk,brown,red/black,body,carotenoid,N/A,dummy used,Exp,Size matched,Length,mature,males,field,breeding,No,Indirect,territorality PC,48,F,3.18,1,44,0.05,NA,NA,NA,NA,NA,NA,NA,NA,NA,NA,NA,0.067401441,0.147106664,0.067503788,0.149071198,6.708203932
79,"McDonald, DB; Clay, RP; Brumfield, RT; Braun, MJ",2001,McDonald et al 2001 - 1,Manacus candei,Panama,vertebrate,white,,golden,collar and belly,carotenoid,N/A,dummy used,Exp,uncontrolled,None measured,mature,males,field,breeding,No,Direct,attack,34,mean,NA,NA,NA,,NA,17,5.9,NA,NA,16.6,17,23.5,NA,NA,31.2,0.161131845,0.174466735,0.162548494,0.179605302,5.567764363
80,"McDonald, DB; Clay, RP; Brumfield, RT; Braun, MJ",2001,McDonald et al 2001 - 2,Manacus vitellinus,Panama,vertebrate,white,lemon,,collar and belly,carotenoid,N/A,dummy used,Exp,uncontrolled,None measured,mature,males,field,breeding,No,Direct,attack,34,mean,NA,NA,NA,,NA,17,5.9,NA,NA,16.6,17,26.5,NA,NA,35.9,0.185131719,0.173720883,0.18729136,0.179605302,5.567764363
81,"McDonald, DB; Clay, RP; Brumfield, RT; Braun, MJ",2001,McDonald et al 2001 - 3,Manacus vitellinus,Panama,vertebrate,,lemon,golden,collar and belly,carotenoid,N/A,dummy used,Exp,uncontrolled,None measured,mature,males,field,breeding,No,Indirect,calls,34,mean,NA,NA,NA,,NA,17,383.1,NA,NA,151.5,17,195.9,NA,NA,80.2,-0.196220934,0.173340105,-0.198799103,0.179605302,5.567764363
82,"McDonald, DB; Clay, RP; Brumfield, RT; Braun, MJ",2001,McDonald et al 2001 - 4,Manacus vitellinus,Panama,vertebrate,white,lemon,,collar and belly,carotenoid,N/A,dummy used,Exp,uncontrolled,None measured,mature,males,field,breeding,No,Indirect,calls,34,mean,NA,NA,NA,,NA,17,199.8,NA,NA,111.2,17,383.1,NA,NA,151.5,0.253443916,0.171004951,0.259089715,0.179605302,5.567764363
83,"Beck, ML; Davies, S; Sewall, KB",2018,Beck et al 2018 - 1,Melospiza melodia,USA,vertebrate,light brown,,dark brown,body,melanocortin,eumelanin,speaker only,Exp,Covariate,Scaled mass index,mature,males,field,breeding,No,Indirect,PC x darkness,67,F,0.286,1,30,0.597,NA,NA,NA,NA,NA,NA,NA,NA,NA,NA,NA,0.009443307,0.124029204,0.009443588,0.125,8
84,"Beck, ML; Davies, S; Sewall, KB",2018,Beck et al 2018 - 2,Melospiza melodia,USA,vertebrate,light brown,,dark brown,body,melanocortin,eumelanin,speaker only,Exp,Covariate,Scaled mass index,mature,males,field,breeding,No,Indirect,PC x area,67,F,0.592,1,30,0.401,NA,NA,NA,NA,NA,NA,NA,NA,NA,NA,NA,0.019351464,0.124011508,0.019353881,0.125,8
85,"Hooper, RE; Plaistow, SJ; Tsubaki, Y",2006,Hooper et al 2006,Mnais costalis,Japan,invertebrate,clear,,orange,wings,carotenoid,N/A,dummy used,Exp,uncontrolled,Length,mature,males,field,year round,Plastic,Direct,time,56,F,8.11,1,55,0.006,NA,NA,NA,NA,NA,NA,NA,NA,NA,NA,NA,0.128505784,0.134954469,0.129220246,0.137360564,7.280109889
86,"Carola, V; Perlas, E; Zonfrillo, F; Soini, HA; Novotny, MV; Gross, CT",2014,Carola et al 2014,Mus musculus,USA,vertebrate,non-agouti,,agouti,body,melanocortin ,pheomelanin,new individuals,Exp,uncontrolled,None measured,mature,both,domestic,year round,No,Direct,number of attacks,20,F,-5.4,1,18,0.032,NA,NA,NA,NA,NA,NA,NA,NA,NA,NA,NA,-0.428571429,0.212958855,-0.458145366,0.242535625,4.123105626
87,"Franklin, AM; Donatelli, CM; Culligan, CR; Tytell, ED",2019,Franklin et al 2019,Neogonodactylus oerstedii,Local Suppliers,invertebrate,light meral spots,,dark meral spots,legs,carotenoid,N/A,isolated,Exp,Covariate,Length,mature,both,lab,year round,No,Indirect,strike force,18,X2,5.44,1,NA,0.02,NA,NA,NA,NA,NA,NA,NA,NA,NA,NA,NA,0.549747417,0.208832735,0.618019259,0.25819889,3.872983346
88,"Balzarini, V; Taborsky, M; Villa, F; Frommen, JG",2017,Balzarini et al 2017 - 1,Neolamprologus pulcher,Tanzania,vertebrate,no stripes,light stripes,dark stripes,body,melanocortin,eumelanin,video - housed together,Exp,"NS (F= 1.4, p=0.248 and controlled in stats)",Length,mature,both,captivity,year round,No,Direct,overt acts,28,X2,6.84,2,NA,0.009,NA,NA,NA,NA,NA,NA,NA,NA,NA,NA,NA,0.494252683,0.170487343,0.541672156,0.2,5
89,"Balzarini, V; Taborsky, M; Villa, F; Frommen, JG",2017,Balzarini et al 2017 - 2,Neolamprologus pulcher,Tanzania,vertebrate,no stripes,light stripes,dark stripes,body,melanocortin,eumelanin,video - housed together,Exp,"NS (F= 1.4, p=0.248 and controlled in stats)",Length,mature,both,captivity,year round,No,Direct,restrained acts,28,X2,0.061,2,NA,0.805,NA,NA,NA,NA,NA,NA,NA,NA,NA,NA,NA,0.046675169,0.195902392,0.046709109,0.2,5
90,"Crothers, LR; Cummings, ME",2015,Crothers and Cummings 2015,Oophaga pumilio,Panama,vertebrate,light red,,bright red,body,carotenoid,N/A,uncontrolled,Exp,Size matched,Length,mature,males,field,year round,No,Indirect,call latency (sec),21,X2,4.26,1,NA,0.039,NA,NA,NA,NA,NA,NA,NA,NA,NA,NA,NA,0.450396651,0.204828922,0.485197757,0.23570226,4.242640687
91,"Crothers, L; Gering, E; Cummings, M",2011,Crothers et al 2011,Oophaga pumilio,Panama,vertebrate,dull,,bright,dorsal,carotenoid,N/A,isolated,Exp,Covariate,Weight and length,mature,males,captivity,year round,No,Indirect,approach,75,F,5.9355,1,74,0.018,NA,NA,NA,NA,NA,NA,NA,NA,NA,NA,NA,0.074253617,0.116718042,0.074390538,0.11785113,8.485281374
92,"Rudh, A; Breed, MF; Qvarnstrom, A",2013,Rudh et al 2013,Oophaga pumilio,Panama,vertebrate,green,,red,body,carotenoid,N/A,mirror,Exp,uncontrolled,None measured,mature,males,field,year round,No,Indirect,score,70,mean,NA,NA,NA,,NA,35,0.438,NA,0.225,1.331117951,35,0.745,NA,0.052,0.307636149,0.025133273,0.121229505,0.025138567,0.122169444,8.185352772
93,"Yang, Y; Dugas, MB; Sudekum, HJ; Murphy, SN; Richards-Zawacki, CL",2018,Yang et al 2018 - 1,Oophaga pumilio,Panama,vertebrate,red,intermediate,blue,body,carotenoid,N/A,dummy used,Exp,NS,Length,mature,males,field,year round,No,Indirect,track high red,140,X2,2.1,2,NA,0.351,NA,NA,NA,NA,NA,NA,NA,NA,NA,NA,NA,0.122474487,0.084484798,0.123092431,0.085435766,11.70469991
94,"Yang, Y; Dugas, MB; Sudekum, HJ; Murphy, SN; Richards-Zawacki, CL",2018,Yang et al 2018 - 2,Oophaga pumilio,Panama,vertebrate,red,intermediate,blue,body,carotenoid,N/A,dummy used,Exp,NS,Length,mature,males,field,year round,No,Indirect,track high blue,139,X2,4.25,2,NA,0.119,NA,NA,NA,NA,NA,NA,NA,NA,NA,NA,NA,0.174858627,0.084119504,0.176674185,0.085749293,11.66190379
95,"Yang, Y; Dugas, MB; Sudekum, HJ; Murphy, SN; Richards-Zawacki, CL",2018,Yang et al 2018 - 3,Oophaga pumilio,Panama,vertebrate,red,intermediate,blue,body,carotenoid,N/A,dummy used,Exp,NS,Length,mature,males,field,year round,No,Indirect,approach high red,140,X2,2.77,2,NA,0.25,NA,NA,NA,NA,NA,NA,NA,NA,NA,NA,NA,0.140661702,0.08427931,0.14160057,0.085435766,11.70469991
96,"Yang, Y; Dugas, MB; Sudekum, HJ; Murphy, SN; Richards-Zawacki, CL",2018,Yang et al 2018 - 4,Oophaga pumilio,Panama,vertebrate,red,intermediate,blue,body,carotenoid,N/A,dummy used,Exp,NS,Length,mature,males,field,year round,No,Indirect,approach high blue,139,X2,1.77,2,NA,0.412,NA,NA,NA,NA,NA,NA,NA,NA,NA,NA,NA,0.112844198,0.084890061,0.11332687,0.085749293,11.66190379
97,"Yang, Y; Dugas, MB; Sudekum, HJ; Murphy, SN; Richards-Zawacki, CL",2018,Yang et al 2018 - 5,Oophaga pumilio,Panama,vertebrate,red,intermediate,blue,body,carotenoid,N/A,dummy used,Exp,NS,Length,mature,males,field,year round,No,Indirect,call high red,140,X2,4.16,2,NA,0.125,NA,NA,NA,NA,NA,NA,NA,NA,NA,NA,NA,0.172378321,0.083851392,0.174116789,0.085435766,11.70469991
98,"Yang, Y; Dugas, MB; Sudekum, HJ; Murphy, SN; Richards-Zawacki, CL",2018,Yang et al 2018 - 6,Oophaga pumilio,Panama,vertebrate,red,intermediate,blue,body,carotenoid,N/A,dummy used,Exp,NS,Length,mature,males,field,year round,No,Indirect,call high blue,139,X2,0.61,2,NA,0.736,NA,NA,NA,NA,NA,NA,NA,NA,NA,NA,NA,0.066245673,0.085248093,0.066342835,0.085749293,11.66190379
99,"Yang, Y; Dugas, MB; Sudekum, HJ; Murphy, SN; Richards-Zawacki, CL",2018,Yang et al 2018 - 7,Oophaga pumilio,Panama,vertebrate,red,intermediate,blue,body,carotenoid,N/A,dummy used,Exp,NS,Length,mature,males,field,year round,No,Indirect,challenge high red,140,X2,2.33,2,NA,0.312,NA,NA,NA,NA,NA,NA,NA,NA,NA,NA,NA,0.129007198,0.084414314,0.129730113,0.085435766,11.70469991
100,"Yang, Y; Dugas, MB; Sudekum, HJ; Murphy, SN; Richards-Zawacki, CL",2018,Yang et al 2018 - 8,Oophaga pumilio,Panama,vertebrate,red,intermediate,blue,body,carotenoid,N/A,dummy used,Exp,NS,Length,mature,males,field,year round,No,Indirect,challenge high blue,139,X2,3.16,2,NA,0.205,NA,NA,NA,NA,NA,NA,NA,NA,NA,NA,NA,0.150777362,0.084459042,0.151935786,0.085749293,11.66190379
101,"Rodriguez-Barreto, D; Rey, O; Uren-Webster, TM; Castaldo, G; Consuegra, S; de Leaniz, CG",2019,Rodriguez-Barreto et al 2019,Oreochromis niloticus,Local Suppliers,vertebrate,lighter,,darker,body,carotenoid,N/A,mirror,Exp,uncontrolled,Density in rearing tank,mature,both,lab,year round,Plastic,Direct,number of interactions,120,mean,NA,NA,NA,,NA,60,28.63,NA,5.93,45.93358249,60,7.11,NA,2.09,16.18907039,-0.038506316,0.091989188,-0.038525364,0.092450033,10.81665383
102,"Moore, MP; Martin, RA",2016,Moore and Martin 2016,Pachydiplax longipennis,USA,invertebrate,less black,,more black,wing tips,melanocortin,eumelanin,uncontrolled,Obs,"NS (r = -0.09, t114 = -0.96, p = 0.339)",Length,mature,males,field,year round,No,Direct,contests won,155,X2,6.5,1,NA,0.011,NA,NA,NA,NA,NA,NA,NA,NA,NA,NA,NA,0.204781552,0.079131913,0.207718345,0.081110711,12.32882801
103,"McGraw, KJ; Dale, J; Mackillop, EA",2003,McGraw et al 2003,Passer domesticus,USA,vertebrate,small size,,large size,body,melanocortin,eumelanin,uncontrolled,Exp,Covariate,Weight and length,mature,males,captivity,non-breeding,No,Indirect,rankinteraction rate,42,F,4.05,1,42,0.05,NA,NA,NA,NA,NA,NA,NA,NA,NA,NA,NA,0.087947883,0.157501204,0.088175695,0.160128154,6.244997998
104,"Seaver, CMS; Hurd, PL",2017,Seaver and Hurd 2017 - 1,Pelvicachromis pulcher,Local Suppliers,vertebrate,yellow,,red,ventral,unknown,N/A,isolated and mirror,Exp,uncontrolled,None measured,mature,males,lab,year round,No,Direct,number of charges,85,mean,NA,NA,NA,,NA,70,6.703,NA,NA,1.058,15,9.937,NA,NA,3.293,0.204405247,0.107446736,0.207325601,0.110431526,9.055385138
105,"Seaver, CMS; Hurd, PL",2017,Seaver and Hurd 2017 - 2,Pelvicachromis pulcher,Local Suppliers,vertebrate,yellow,,red,ventral,unknown,N/A,isolated and mirror,Exp,uncontrolled,None measured,mature,males,lab,year round,No,Direct,number of lateral displays,85,mean,NA,NA,NA,,NA,70,3.468,NA,NA,0.803,15,1.783,NA,NA,0.431,-0.142637582,0.108641919,-0.143616908,0.110431526,9.055385138
106,"Seaver, CMS; Hurd, PL",2017,Seaver and Hurd 2017 - 3,Pelvicachromis pulcher,Local Suppliers,vertebrate,yellow,,red,ventral,unknown,N/A,isolated and mirror,Exp,uncontrolled,None measured,mature,males,lab,year round,No,Direct,number of tail beats,85,mean,NA,NA,NA,,NA,70,4.645,NA,NA,0.941,15,9.761,NA,NA,3.47,0.354643215,0.10262977,0.370745035,0.110431526,9.055385138
107,"Seaver, CMS; Hurd, PL",2017,Seaver and Hurd 2017 - 4,Pelvicachromis pulcher,Local Suppliers,vertebrate,yellow,,red,ventral,unknown,N/A,isolated and mirror,Exp,uncontrolled,None measured,mature,males,lab,year round,No,Direct,number of bites,85,mean,NA,NA,NA,,NA,70,325.038,NA,NA,42.573,15,457.507,NA,NA,135.023,0.207910916,0.107365666,0.210986882,0.110431526,9.055385138
108,"Rose, P; Soole, L",2020,Rose and Soole 2020,Phoenicoparrus minor,UK,vertebrate,white,,pink,body,carotenoid,N/A,uncontrolled,Obs,uncontrolled,None measured,mature,both,captivity,year round,Plastic,Direct,seconds,45,F,6.45,4,40,0.00004,0.33,NA,NA,NA,NA,NA,NA,NA,NA,NA,NA,0.392097264,0.140287059,0.414275909,0.15430335,6.480740698
109,"BRACE, RC",1981,Brace 1981 - 1,Phymactis clematis,Chile,invertebrate,green,,red,ventral,unknown,N/A,new individuals,Exp,NS,weight diff and weight ratio,mature,both,captivity,year round,No,Direct,first aggressor,29,X2,4.17,1,NA,0.05,NA,NA,NA,NA,NA,NA,NA,NA,NA,NA,NA,0.379200611,0.178076856,0.399125679,0.196116135,5.099019514
110,"BRACE, RC",1981,Brace 1981 - 2,Phymactis clematis,Chile,invertebrate,green,,red,ventral,unknown,N/A,new individuals,Exp,NS,weight diff and weight ratio,mature,both,captivity,year round,No,Direct,first attacker,18,X2,0.22,1,NA,NS,NA,NA,NA,NA,NA,NA,NA,NA,NA,NA,NA,0.11055416,0.248467525,0.111007898,0.25819889,3.872983346
111,"BRACE, RC",1981,Brace 1981 - 3,Phymactis clematis,Chile,invertebrate,green,,red,ventral,unknown,N/A,new individuals,Exp,NS,weight diff and weight ratio,mature,both,captivity,year round,No,Direct,winner,14,X2,2.57,1,NA,NS,NA,NA,NA,NA,NA,NA,NA,NA,NA,NA,NA,0.428452364,0.260836566,0.457999521,0.301511345,3.31662479
112,"Reiter, MK; Anthony, CD; Hickerson, CAM",2014,Reiter et al 2014,Plethodon cinereus,USA,vertebrate,unstriped black,,striped red,dorsal,carotenoid,N/A,isolated,Exp,Size matched,Length,mature,males,captivity,year round,No,Indirect,score,60,t,2.51,29,NA,0.012,NA,NA,NA,NA,NA,NA,NA,NA,NA,NA,NA,0.529475284,0.111390577,0.589415758,0.132453236,7.549834435
113,"Titone, V; Marsiglia, F; Mangiacotti, M; Sacchi, R; Scali, S; Zuffi, MAL",2018,Titone et al 2018,Podarcis siculus,Italy,vertebrate,white,,green,ventral,unknown,N/A,isolated,Exp,"NS (mass t = 0.121, d.f. = 96, P = 0.904, length t = 0.182, d.f. = 96, P = 0.856)",Weight and length,mature,males,captivity,year round,No,Indirect,score,30,F,0.317,1,29,0.58,NA,NA,NA,NA,NA,NA,NA,NA,NA,NA,NA,0.010812839,0.188971189,0.01081326,0.19245009,5.196152423
114,"MARTIN, FD; HENGSTEBECK, MF",1981,Martin and Hengstebeck 1981 - 1,Poecilia reticulata,Local Suppliers,vertebrate,light,intermediate,dark,eyes,unknown,N/A,uncontrolled,Obs,uncontrolled,None measured,juvenile,both,captivity,changing,Plastic,Direct,aggressive encounters,74,F,3.8,2,17,0.005,NA,NA,NA,NA,NA,NA,NA,NA,NA,NA,NA,0.308943089,0.112085915,0.319376554,0.118678166,8.426149773
115,"MARTIN, FD; HENGSTEBECK, MF",1981,Martin and Hengstebeck 1981 - 2,Poecilia reticulata,Local Suppliers,vertebrate,light,,dark,eyes,unknown,N/A,uncontrolled,Obs,uncontrolled,None measured,juvenile,both,captivity,changing,Plastic,Direct,mutual display,33,X2,21.3,6,NA,0.01,NA,NA,NA,NA,NA,NA,NA,NA,NA,NA,NA,0.803401858,0.106943677,1.108134162,0.182574186,5.477225575
116,"MARTIN, FD; HENGSTEBECK, MF",1981,Martin and Hengstebeck 1981 - 3,Poecilia reticulata,Local Suppliers,vertebrate,light,,dark,eyes,unknown,N/A,uncontrolled,Obs,uncontrolled,None measured,juvenile,both,captivity,changing,Plastic,Direct,display,12,X2,21.3,6,NA,0.01,NA,NA,NA,NA,NA,NA,NA,NA,NA,NA,NA,1.332291259,0.044609416,2.646652412,0.333333333,3
117,"MARTIN, FD; HENGSTEBECK, MF",1981,Martin and Hengstebeck 1981 - 4,Poecilia reticulata,Local Suppliers,vertebrate,light,,dark,eyes,unknown,N/A,uncontrolled,Obs,uncontrolled,None measured,juvenile,both,captivity,changing,Plastic,Direct,chase,61,X2,21.3,6,NA,0.01,NA,NA,NA,NA,NA,NA,NA,NA,NA,NA,NA,0.590914823,0.105027815,0.679070549,0.131306433,7.615773106
118,"MARTIN, FD; HENGSTEBECK, MF",1981,Martin and Hengstebeck 1981 - 5,Poecilia reticulata,Local Suppliers,vertebrate,light,,dark,eyes,unknown,N/A,uncontrolled,Obs,uncontrolled,None measured,juvenile,both,captivity,changing,Plastic,Direct,nip,64,X2,21.3,6,NA,0.01,NA,NA,NA,NA,NA,NA,NA,NA,NA,NA,NA,0.576899038,0.103735667,0.657802366,0.12803688,7.810249676
119,"MARTIN, FD; HENGSTEBECK, MF",1981,Martin and Hengstebeck 1981 - 6,Poecilia reticulata,Local Suppliers,vertebrate,light,,dark,eyes,unknown,N/A,uncontrolled,Obs,uncontrolled,None measured,juvenile,both,captivity,changing,Plastic,Direct,mutual display,27,X2,18.18,6,NA,0.01,NA,NA,NA,NA,NA,NA,NA,NA,NA,NA,NA,0.820568908,0.114309521,1.158556537,0.204124145,4.898979486
120,"MARTIN, FD; HENGSTEBECK, MF",1981,Martin and Hengstebeck 1981 - 7,Poecilia reticulata,Local Suppliers,vertebrate,light,,dark,eyes,unknown,N/A,uncontrolled,Obs,uncontrolled,None measured,juvenile,both,captivity,changing,Plastic,Direct,display,11,X2,18.18,6,NA,0.01,NA,NA,NA,NA,NA,NA,NA,NA,NA,NA,NA,1.285584409,0.047022453,2.646652412,0.353553391,2.828427125
121,"MARTIN, FD; HENGSTEBECK, MF",1981,Martin and Hengstebeck 1981 - 8,Poecilia reticulata,Local Suppliers,vertebrate,light,,dark,eyes,unknown,N/A,uncontrolled,Obs,uncontrolled,None measured,juvenile,both,captivity,changing,Plastic,Direct,chase,16,X2,18.18,6,NA,0.01,NA,NA,NA,NA,NA,NA,NA,NA,NA,NA,NA,1.06595028,0.037701838,2.646652412,0.277350098,3.605551275
122,"MARTIN, FD; HENGSTEBECK, MF",1981,Martin and Hengstebeck 1981 - 9,Poecilia reticulata,Local Suppliers,vertebrate,light,,dark,eyes,unknown,N/A,uncontrolled,Obs,uncontrolled,None measured,juvenile,both,captivity,changing,Plastic,Direct,nip,11,X2,18.18,6,NA,0.01,NA,NA,NA,NA,NA,NA,NA,NA,NA,NA,NA,1.285584409,0.047022453,2.646652412,0.353553391,2.828427125
123,"Petrocelli, I; Ricciardi, G; de Souza, AR; Ermanni, A; Ninu, A; Turillazzi, S",2015,Petrocelli et al 2015,Polistes gallicus,Italy,invertebrate,small black,,large black,head,melanocortin,eumelanin,new individuals,Exp,Size matched,Length,mature,females,captivity,year round,No,Indirect,dominance,42,X2,4.011,1,NA,0.042,NA,NA,NA,NA,NA,NA,NA,NA,NA,NA,NA,0.309030743,0.150374532,0.319473459,0.160128154,6.244997998
124,"Stapley, J",2006,Stapley 2006,Pseudemoia entrecasteauxii,Australia,vertebrate,white,,orange,ventral,carotenoid,N/A,uncontrolled,Exp,"NS (t1,31 = 0.02, p = 0.482)",Weight over length,mature,males,captivity,year round,Plastic,Indirect,score,32,F,22.46,1,31,0.001,NA,NA,NA,NA,NA,NA,NA,NA,NA,NA,NA,0.420127198,0.165679725,0.447846475,0.185695338,5.385164807
125,"O'Connor, KI; Metcalfe, NB; Taylor, AC",1999,O'Connor et al 1999,Salmo salar,UK,vertebrate,light grey,slate grey,dark grey,body,melanocortin,eumelanin,isolated,Exp,Size matched,Weight,mature,both,captivity,year round,No,Indirect,score,33,r,NA,NA,NA,0.19,-0.23,NA,NA,NA,NA,NA,NA,NA,NA,NA,NA,-0.23,0.174790197,-0.234189467,0.182574186,5.477225575
126,"Suter, HC; Huntingford, FA",2002,Suter and Huntingford 2002,Salmo salar,UK,vertebrate,pale,,dark,eyes,unknown,N/A,uncontrolled,Obs,Size matched,Weight and length,juvenile,both,lab,changing,Plastic,Direct,number of acts,7,t,-2.45,6,NA,0.05,NA,NA,NA,NA,NA,NA,NA,NA,NA,NA,NA,0.886319217,0.207093335,1.404494165,0.5,2
127,"Seddon, RJ; Hews, DK",2016,Seddon and Hews 2016 - 1,Sceloporus occidentalis,USA,vertebrate,white,,black,ventral,melanocortin,eumelanin,new individuals,Exp,"Covariate (P N 0.18 for PC1, P N 0.34 for PC2)",Weight and length,mature,males,field,year round,No,Direct,chemosensory,30,t,2.08,14,NA,0.047,NA,NA,NA,NA,NA,NA,NA,NA,NA,NA,NA,0.608954288,0.149901715,0.707257636,0.19245009,5.196152423
128,"Seddon, RJ; Hews, DK",2016,Seddon and Hews 2016 - 2,Sceloporus occidentalis,USA,vertebrate,white,,black,ventral,melanocortin,eumelanin,new individuals,Exp,"Covariate (P N 0.18 for PC1, P N 0.34 for PC2)",Weight and length,mature,males,field,year round,No,Direct,reposition,30,t,3.221,14,NA,0.003,NA,NA,NA,NA,NA,NA,NA,NA,NA,NA,NA,0.817673208,0.108793797,1.149755933,0.19245009,5.196152423
129,"Seddon, RJ; Hews, DK",2016,Seddon and Hews 2016 - 3,Sceloporus occidentalis,USA,vertebrate,white,,black,ventral,melanocortin,eumelanin,new individuals,Exp,"Covariate (P N 0.18 for PC1, P N 0.34 for PC2)",Weight and length,mature,males,field,year round,No,Direct,head-bob bouts,30,t,2.5,14,NA,0.035,NA,NA,NA,NA,NA,NA,NA,NA,NA,NA,NA,0.696285632,0.135644799,0.860054268,0.19245009,5.196152423
130,"Seddon, RJ; Hews, DK",2016,Seddon and Hews 2016 - 4,Sceloporus occidentalis,USA,vertebrate,white,,black,ventral,melanocortin,eumelanin,new individuals,Exp,"Covariate (P N 0.18 for PC1, P N 0.34 for PC2)",Weight and length,mature,males,field,year round,No,Direct,fullshow bouts,30,t,2.42,14,NA,0.022,NA,NA,NA,NA,NA,NA,NA,NA,NA,NA,NA,0.680651879,0.13844971,0.830327613,0.19245009,5.196152423
131,"Seddon, RJ; Hews, DK",2016,Seddon and Hews 2016 - 5,Sceloporus occidentalis,USA,vertebrate,white,,black,ventral,melanocortin,eumelanin,new individuals,Exp,"Covariate (P N 0.18 for PC1, P N 0.34 for PC2)",Weight and length,mature,males,field,year round,No,Direct,charge,30,t,2.213,14,NA,0.035,NA,NA,NA,NA,NA,NA,NA,NA,NA,NA,NA,0.638029385,0.145518593,0.754843084,0.19245009,5.196152423
132,"Seddon, RJ; Hews, DK",2016,Seddon and Hews 2016 - 6,Sceloporus occidentalis,USA,vertebrate,white,,black,ventral,melanocortin,eumelanin,new individuals,Exp,"Covariate (P N 0.18 for PC1, P N 0.34 for PC2)",Weight and length,mature,males,field,year round,No,Direct,biting,30,t,2.04,14,NA,0.051,NA,NA,NA,NA,NA,NA,NA,NA,NA,NA,NA,0.59994723,0.151193268,0.693064732,0.19245009,5.196152423
133,"Seddon, RJ; Hews, DK",2016,Seddon and Hews 2016 - 7,Sceloporus occidentalis,USA,vertebrate,white,,black,ventral,melanocortin,eumelanin,new individuals,Exp,"Covariate (P N 0.18 for PC1, P N 0.34 for PC2)",Weight and length,mature,males,field,year round,No,Direct,rate of move toward,30,t,0.42,14,NA,0.681,NA,NA,NA,NA,NA,NA,NA,NA,NA,NA,NA,0.139806141,0.187126222,0.140727847,0.19245009,5.196152423
134,"Seddon, RJ; Hews, DK",2017,Seddon and Hews 2017,Sceloporus occidentalis,USA,vertebrate,white,,black,chest,melanocortin,eumelanin,new individuals,Exp,Size matched,Length,mature,males,field,year round,No,Indirect,physical contact/retreat (PC),78,F,22.42,1,57,0.001,NA,NA,NA,NA,NA,NA,NA,NA,NA,NA,NA,0.282296651,0.110042372,0.290175843,0.115470054,8.660254038
135,"Robertson, JM; Rosenblum, EB",2010,Robertson and Rosenblum 2010,Sceloporus undulatus,USA,vertebrate,light,,dark,body,pteridine,N/A,new individual,Exp,Size matched,Length,mature,males,field,year round,No,Direct,seconds,40,mean,NA,NA,NA,,NA,20,27.528,NA,3.964,17.72754693,20,17.913,NA,3.776,16.88678537,-0.078905142,0.161715636,-0.079069511,0.164398987,6.08276253
136,"Leitao, AV; Ferreira, AC; Funghi, C; Trigo, S; Mota, PG",2015,Leitao et al. 2015 - 1,Serinus serinus,Portugal,vertebrate,less yellow,,more yellow,head,carotenoid,N/A,new individuals,Exp,Covariate,Weight and length,mature,males,captivity,non-breeding,Plastic,Indirect,score (attacks + displays),28,F,9.977,1,17,0.005,NA,NA,NA,NA,NA,NA,NA,NA,NA,NA,NA,0.369833562,0.182211113,0.388230276,0.2,5
137,"Leitao, AV; Ferreira, AC; Funghi, C; Trigo, S; Mota, PG",2015,Leitao et al. 2015 - 2,Serinus serinus,Portugal,vertebrate,less yellow,,more yellow,chest,carotenoid,N/A,new individuals,Exp,Covariate,Weight and length,mature,males,captivity,non-breeding,Plastic,Indirect,score (attacks + displays),28,F,0.82,1,17,0.379,NA,NA,NA,NA,NA,NA,NA,NA,NA,NA,NA,0.046015713,0.195908392,0.046048233,0.2,5
138,"Leitao, AV; Ferreira, AC; Funghi, C; Trigo, S; Mota, PG",2015,Leitao et al. 2015 - 3,Serinus serinus,Portugal,vertebrate,less yellow,,more yellow,throat,carotenoid,N/A,new individuals,Exp,Covariate,Weight and length,mature,males,captivity,non-breeding,Plastic,Indirect,score (attacks + displays),28,F,0.793,1,17,0.385,NA,NA,NA,NA,NA,NA,NA,NA,NA,NA,NA,0.044568089,0.195921264,0.044597633,0.2,5
139,"Leitao, AV; Ferreira, AC; Funghi, C; Trigo, S; Mota, PG",2015,Leitao et al. 2015 - 4,Serinus serinus,Portugal,vertebrate,less yellow,,more yellow,belly,carotenoid,N/A,new individuals,Exp,Covariate,Weight and length,mature,males,captivity,non-breeding,Plastic,Indirect,score (attacks + displays),28,F,0.001,1,17,0.99,NA,NA,NA,NA,NA,NA,NA,NA,NA,NA,NA,5.88E-05,0.196116135,5.88E-05,0.2,5
140,"Mafli A, Kazumasa Wakamatsu, Alexandre Roulin",2011,Mafli et al 2011,Testudo hermanni,Local Suppliers,vertebrate,light,,dark,shell,melanocortin,pheomelanin,isolated,Exp,NS,Length,mature,males,captivity,year round,Plastic,Indirect,index,23,r,NA,NA,NA,0.0001,0.69,NA,NA,NA,NA,NA,NA,NA,NA,NA,NA,0.69,0.157948153,0.847955755,0.223606798,4.472135955
141,"Bruinje, AC; Coelho, FEA; Paiva, TMA; Costa, GC",2019,Bruinje et al 2019,Tropidurus semitaeniatus,Brazil,vertebrate,yellow,,black,chest,melanocortin,eumelanin,new individuals,Exp,Size matched,Length,mature,males,lab,breeding,No,Direct,head bouts,267,X2,5.69,1,NA,0.05,NA,NA,NA,NA,NA,NA,NA,NA,NA,NA,NA,0.145982401,0.060771429,0.14703287,0.061545745,16.24807681
142,"Brown, DM; Lattanzio, MS",2018,Brown and Lattanzio 2018,Urosaurus graciosus,USA,vertebrate,yellow,,orange,throat,carotenoid,N/A,new individuals,Exp,"NS (t29 = 0.86, p = 0.4)",Length,mature,males,captivity,year round,No,Direct,winner,20,X2,5.4,1,NA,0.02,NA,NA,NA,NA,NA,NA,NA,NA,NA,NA,NA,0.519615242,0.2013841,0.575812545,0.242535625,4.123105626
143,"McElroy, EJ; Marien, C; Meyers, JJ; Irschick, DJ",2007,McElroy et al 2007,Urosaurus ornatus,USA,vertebrate,orange,yellow,blue,ventral,structural,N/A,uncontrolled,Obs,uncontrolled,None measured,mature,males,field,year round,No,Direct,number of pushups per display,43,F,10.84,1,32,0.002,NA,NA,NA,NA,NA,NA,NA,NA,NA,NA,NA,0.253034547,0.151091437,0.258652295,0.158113883,6.32455532
144,"Taylor, JN; Lattanzio, MS",2016,Taylor and Lattanzio 2016,Urosaurus ornatus,USA,vertebrate,yellow,,blue,throat,structural,N/A,isolated,Exp,"Covariate (t = 0.4, df = 73.3, p = 0.69)",Weight over length,mature,males,captivity,year round,No,Indirect,score,76,mean,NA,NA,NA,,NA,41,3.6,NA,0.4,2.561249695,35,4.1,NA,0.5,2.958039892,0.01942553,0.116225704,0.019427974,0.117041147,8.544003745
145,"Collins, CE; Houtman, AM",1999,Collins and Houtman 1999 - 1,Zonotrichia albicollis,Canada,vertebrate,white,,tan,head,melanocortin,pheomelanin,speaker only,Exp,uncontrolled,None measured,mature,males,field,year round,No,Indirect,full songs,41,t,1.09,40,NA,0.27,NA,NA,NA,NA,NA,NA,NA,NA,NA,NA,NA,0.212863186,0.156458339,0.216168518,0.162221421,6.164414003
146,"Collins, CE; Houtman, AM",1999,Collins and Houtman 1999 - 2,Zonotrichia albicollis,Canada,vertebrate,white,,tan,head,melanocortin,pheomelanin,speaker only,Exp,uncontrolled,None measured,mature,males,field,year round,No,Indirect,pinked,41,t,0.28,40,NA,0.77,NA,NA,NA,NA,NA,NA,NA,NA,NA,NA,NA,0.055432285,0.159881949,0.055489166,0.162221421,6.164414003
147,"Horton, BM; Hauber, ME; Maney, DL",2012,Horton et al 2012 - 1,Zonotrichia albicollis,USA,vertebrate,white,,tan,throat,melanocortin,pheomelanin,new individuals and speaker,Exp,uncontrolled,None measured,mature,males,captivity,year round,No,Indirect,vocal aggression score,31,mean,NA,NA,NA,,NA,14,-0.67,NA,0.36,1.346996659,17,0.11,NA,0.01,0.041231056,0.103491722,0.184698213,0.103863598,0.188982237,5.291502622
148,"Horton, BM; Hauber, ME; Maney, DL",2012,Horton et al 2012 - 2,Zonotrichia albicollis,USA,vertebrate,white,,tan,throat,melanocortin,pheomelanin,new individuals and speaker,Exp,uncontrolled,None measured,mature,males,captivity,year round,No,Indirect,physical aggression score,31,mean,NA,NA,NA,,NA,14,0.01,NA,0.31,1.15991379,17,0.01,NA,0.36,1.484318025,0,0.185695338,0,0.188982237,5.291502622
149,"Horton, BM; Hauber, ME; Maney, DL",2012,Horton et al 2012 - 3,Zonotrichia albicollis,USA,vertebrate,white,,tan,throat,melanocortin,pheomelanin,new individuals and speaker,Exp,uncontrolled,None measured,mature,females,captivity,year round,No,Indirect,vocal aggression score,31,mean,NA,NA,NA,,NA,14,0.2,NA,0.33,1.234746938,17,-0.01,NA,0.31,1.278162744,-0.029821232,0.18561275,-0.029830077,0.188982237,5.291502622
150,"Horton, BM; Hauber, ME; Maney, DL",2012,Horton et al 2012 - 4,Zonotrichia albicollis,USA,vertebrate,white,,tan,throat,melanocortin,pheomelanin,new individuals and speaker,Exp,uncontrolled,None measured,mature,females,captivity,year round,No,Indirect,physical aggression score,31,mean,NA,NA,NA,,NA,14,0.84,NA,0.34,1.272163512,17,-0.01,NA,0.59,2.432632319,-0.111048348,0.184546813,-0.111508228,0.188982237,5.291502622
151,"Horton, BM; Moore, IT; Maney, DL",2014,Horton et al 2014,Zonotrichia albicollis,USA,vertebrate,white,,tan,throat,melanocortin,pheomelanin,new individuals and speaker,Exp,uncontrolled,None measured,mature,males,captivity,year round,No,Indirect,territorial,30,t,4.2,29,NA,0.001,NA,NA,NA,NA,NA,NA,NA,NA,NA,NA,NA,0.77077915,0.120401042,1.022244488,0.19245009,5.196152423
152,"Zinzow-Kramer, WM; Horton, BM; McKee, CD; Michaud, JM; Tharp, GK; Thomas, JW; Tuttle, EM; Yi, S; Maney, DL",2015,Zinzow-Kramer et al 2015 - 1,Zonotrichia albicollis,USA,vertebrate,white,,tan,head,melanocortin,pheomelanin,new individuals and speaker,Exp,uncontrolled,None measured,mature,males,field,year round,No,Indirect,songs per 10 min,19,mean,NA,NA,NA,,NA,10,23.516,NA,NA,19.68296296,9,1.733,NA,NA,7.089382716,-0.238964623,0.235508949,-0.243675742,0.25,4
153,"Zinzow-Kramer, WM; Horton, BM; McKee, CD; Michaud, JM; Tharp, GK; Thomas, JW; Tuttle, EM; Yi, S; Maney, DL",2015,Zinzow-Kramer et al 2015 - 2,Zonotrichia albicollis,USA,vertebrate,white,,tan,head,melanocortin,pheomelanin,new individuals and speaker,Exp,uncontrolled,None measured,mature,males,field,year round,No,Indirect,trills per 10 min,19,mean,NA,NA,NA,,NA,10,0,NA,NA,0.24691358,9,0,NA,NA,0.49382716,0,0.242535625,0,0.25,4
154,"Zinzow-Kramer, WM; Horton, BM; McKee, CD; Michaud, JM; Tharp, GK; Thomas, JW; Tuttle, EM; Yi, S; Maney, DL",2015,Zinzow-Kramer et al 2015 - 3,Zonotrichia albicollis,USA,vertebrate,white,,tan,head,melanocortin,pheomelanin,new individuals and speaker,Exp,uncontrolled,None measured,mature,males,field,year round,No,Indirect,chips per 10 min,19,mean,NA,NA,NA,,NA,10,20.846,NA,NA,41.38765432,9,16.172,NA,NA,19.32790123,-0.024778416,0.242461159,-0.024783489,0.25,4
155,"Zinzow-Kramer, WM; Horton, BM; McKee, CD; Michaud, JM; Tharp, GK; Thomas, JW; Tuttle, EM; Yi, S; Maney, DL",2015,Zinzow-Kramer et al 2015 - 4,Zonotrichia albicollis,USA,vertebrate,white,,tan,head,melanocortin,pheomelanin,new individuals and speaker,Exp,uncontrolled,None measured,mature,males,field,year round,No,Indirect,flights per 10 min,19,mean,NA,NA,NA,,NA,10,7.565,NA,NA,9.093333333,9,11.342,NA,NA,11.44197531,0.087879319,0.241597286,0.088106597,0.25,4
156,"Zinzow-Kramer, WM; Horton, BM; McKee, CD; Michaud, JM; Tharp, GK; Thomas, JW; Tuttle, EM; Yi, S; Maney, DL",2015,Zinzow-Kramer et al 2015 - 5,Zonotrichia albicollis,USA,vertebrate,white,,tan,head,melanocortin,pheomelanin,new individuals and speaker,Exp,uncontrolled,None measured,mature,males,field,year round,No,Indirect,time in 5 m (min),19,mean,NA,NA,NA,,NA,10,10.154,NA,NA,0.303703704,9,10.155,NA,NA,0.835555556,0.000615098,0.242535579,0.000615099,0.25,4
157,"Zinzow-Kramer, WM; Horton, BM; McKee, CD; Michaud, JM; Tharp, GK; Thomas, JW; Tuttle, EM; Yi, S; Maney, DL",2015,Zinzow-Kramer et al 2015 - 6,Zonotrichia albicollis,USA,vertebrate,white,,tan,head,melanocortin,pheomelanin,new individuals and speaker,Exp,uncontrolled,None measured,mature,males,field,year round,No,Indirect,time in 2 m (min),19,mean,NA,NA,NA,,NA,10,7.168,NA,NA,4.40691358,9,6.047,NA,NA,4.021728395,-0.054903654,0.242169798,-0.054958921,0.25,4
158,"Zinzow-Kramer, WM; Horton, BM; McKee, CD; Michaud, JM; Tharp, GK; Thomas, JW; Tuttle, EM; Yi, S; Maney, DL",2015,Zinzow-Kramer et al 2015 - 7,Zonotrichia albicollis,USA,vertebrate,white,,tan,head,melanocortin,pheomelanin,new individuals and speaker,Exp,uncontrolled,None measured,mature,males,field,year round,No,Indirect,latency (min),19,mean,NA,NA,NA,,NA,10,0.782,NA,NA,0.650864198,9,0.977,NA,NA,1.08345679,0.06172176,0.242073205,0.061800318,0.25,4
159,"Zinzow-Kramer, WM; Horton, BM; McKee, CD; Michaud, JM; Tharp, GK; Thomas, JW; Tuttle, EM; Yi, S; Maney, DL",2015,Zinzow-Kramer et al 2015 - 8,Zonotrichia albicollis,USA,vertebrate,white,,tan,head,melanocortin,pheomelanin,new individuals and speaker,Exp,uncontrolled,None measured,mature,males,field,year round,No,Indirect,closest approach (m),19,mean,NA,NA,NA,,NA,10,0.247,NA,NA,0.212839506,9,0.354,NA,NA,0.630617284,0.091610015,0.241515753,0.091867589,0.25,4
