Authors,Publication Year,Study,Species,Vert_Invert,Color1,Color2,Color3,Pattern,Classification,Eu_Pheomelanin,Age,Sex,Location,Season,Plasticity,Aggression Units,Sample Size,Stat Test,Test Statistic,df1,df2,p-value,r,n1,mean1,var1,se1,sd1,n2,mean2,var2,se2,sd2
"Andrews, TJ; Summers, CH",1996,Andrews and Summers 1996,Anolis carolinensis,vertebrate,light green,,dark green,body,melanocortin,,mature,both,captivity,year round,,attacks/bites,55,F,16.393,5,53,0.001,,,,,,,,,,,
"Bailey, A; Eberly, LE; Packer, C",2015,Bailey et al 2015,Papio anubis,vertebrate,light grey,,dark grey,body,melanocortin,,mature,females,captivity,breeding,,rank,30,X2,1.8,1,,1,,,,,,,,,,,
"Baird, TA; Baird, TD; Shine, R",2013,Baird et al 2013,Intellagama lesueurii,vertebrate,drab red,,bright red,ventral,unknown,,mature,males,field,breeding,,latency seconds,38,X2,2.95,37,,0.086,,,,,,,,,,,
"Balzarini, V; Taborsky, M; Villa, F; Frommen, JG",2017,Balzarini et al 2017,Neolamprologus pulcher,vertebrate,no stripes,light stripes,dark stripes,body,melanocortin,,mature,both,captivity,year round,,score,30,X2,6.84,2,,0.009,,,,,,,,,,,
"BARLOW, GW; SIRI, P",1994,Barlow and Siri 1994,Cichlasoma citrinellum,vertebrate,white,,gold,body,melanocortin,,juvenile,both,captivity,year round,,attacks,30,F,2.685,1,27,0.388,,,,,,,,,,,
"Barron, DG; Webster, MS; Schwabl, H",2015,Barron et al 2015,Malurus melanocephalus,vertebrate,brown,,black,body,melanocortin,,mature,males,field,breeding,,territorality,48,F,4.03,1,44,0.05,,,,,,,,,,,
"Baube, CL",1997,Baube 1997,Gasterosteus aculeatus,vertebrate,dull red,,bright red,body,carotenoid,,mature,males,lab,breeding,,latency seconds,170,X2,10.741,1,,0.001,,,,,,,,,,,
"Beck, ML; Davies, S; Sewall, KB",2018,Beck et al 2015,Melospiza melodia,vertebrate,light brown,,dark brown,body,melanocortin,,mature,males,field,breeding,,score,67,F,4.877,1,65,0.035,,,,,,,,,,,
"Beeching, SC; Gross, SH; Bretz, HS; Hariatis, E",1998,Beeching et al 1998,Cichlasoma nigrofasciatum,vertebrate,dull orange,,bright orange,ventral,carotenoid,,mature,females,lab,year round,,approach/bite,13,r,,,,,-0.65,,,,,,,,,,
"Boerner, M; Kruger, O",2009,Boerner and Kruger 2009,Buteo buteo,vertebrate,light,intermediate,dark,body,melanocortin,,mature,both,field,breeding,,score,42,F,3.306,2,51,0.045,,,,,,,,,,,
"BRACE, RC",1981,Brace 1981 - 1,Phymactis clematis,invertebrate,green,,red,ventral,carotenoid,,mature,both,captivity,year round,,first aggressor,29,X2,4.17,1,,0.05,,,,,,,,,,,
"BRACE, RC",1981,Brace 1981 - 2,Phymactis cleatis,invertebrate,green,,red,ventral,carotenoid,,mature,both,captivity,year round,,first attacker,18,X2,0.22,1,,NS,,,,,,,,,,,
"BRACE, RC",1981,Brace 1981 - 3,Phymactis cleatis,invertebrate,green,,red,ventral,carotenoid,,mature,both,captivity,year round,,winner,14,X2,2.57,1,,NS,,,,,,,,,,,
"Bright, A; Waas, JR",2002,Bright and Wass 2002,Turdus merula,vertebrate,orange,yellow,brown,beak,melanocortin,,mature,both,field,breeding,,approach,88,F,4.6,1,87,0.04,,,,,,,,,,,
"Brown, DM; Lattanzio, MS",2018,Brown and Lattanzio 2018,Urosaurus graciosus,vertebrate,yellow,,orange,throat,carotenoid,,mature,males,captivity,year round,,score,20,X2,5.4,1,,0.02,,,,,,,,,,,
"Bruinje, AC; Coelho, FEA; Paiva, TMA; Costa, GC",2019,Bruinje et al 2019,Tropidurus semitaeniatus,vertebrate,yellow,,black,chest,melanocortin,,mature,males,lab,breeding,,"bite,approach,chase,intimidation posture",267,X2,5.69,1,,0.05,,,,,,,,,,,
"Carola, V; Perlas, E; Zonfrillo, F; Soini, HA; Novotny, MV; Gross, CT",2014,Carola et al 2014,Mus musculus,vertebrate,agouti,,non-agouti,body,melanocortin ,,mature,both,domestic,year round,,number of attacks,20,F,5.4,1,18,0.032,,,,,,,,,,,
"Cassidy, KA; Mech, LD; MacNulty, DR; Stahler, DR; Smith, DW",2017,Cassidy et al 2017,Canis lupus familiaris,vertebrate,grey,,black,body,melanocortin,,mature,both,field,year round,,attack/chase,53,t,2.57,52,,0.01,,,,,,,,,,,
"Chaine, AS; Lyon, BE",2008,Chaine and Lyon 2008,Calamospiza melanocorys,vertebrate,light,,dark,wings,melanocortin,,mature,males,field,breeding,,territorial,369,t,2.84,368,,0.007,,,,,,,,,,,
"Clement, TS; Parikh, V; Schrumpf, M; Fernald, RD",2005,Clement et al 2005,Astatotilapia burtoni,vertebrate,drably,,bright,body,melanocortin,,mature,males,lab,year round,,territorial,28,F,6.75,1,27,0.029,,,,,,,,,,,
"Collins, CE; Houtman, AM",1999,Collins and Houtman 1999 - 1,Zonotrichia albicollis,vertebrate,tan,,white,head,melanocortin,,mature,males,field,year round,,full songs,41,t,-1.09,40,,0.27,,,,,,,,,,,
"Collins, CE; Houtman, AM",1999,Collins and Houtman 1999 - 2,Zonotrichia albicollis,vertebrate,tan,,white,head,melanocortin,,mature,males,field,year round,,pinked,41,t,-0.28,40,,0.77,,,,,,,,,,,
"Cross, FR; Jackson, RR; Taylor, LA",2020,Cross et al 2020,Evarcha culicivora,invertebrate,black,,bright red,face,unknown,,mature,males,captivity,year round,,wilcoxon,11,t,3.52,10,,0.001,,,,,,,,,,,
"Crothers, L; Gering, E; Cummings, M",2011,Crothers et al 2011,Dendrobates pumilio,vertebrate,dull,,bright,dorsal,carotenoid,,mature,males,captivity,year round,,approach,75,F,5.9355,1,74,0.018,,,,,,,,,,,
"Crothers, LR; Cummings, ME",2015,Crothers and Cummings 2015,Oophaga pumilio,vertebrate,light red,,bright red,body,carotenoid,,mature,males,field,year round,,call latency (sec),21,X2,4.26,1,,0.039,,,,,,,,,,,
"Culumber, ZW; Monks, S",2014,Culumber and Monks 2014,Xiphophorus variatus,vertebrate,not yellow-red,,yellow-red,dorsal and caudal fin,carotenoid,,mature,males,lab,year round,,attacks,65,X2,1.56,,,0.21,,,,,,,,,,,
"Dale, S; Slagsvold, T",1996,Dale and Slagsvold 1996,Ficedula hypoleuca,vertebrate,dull,,bright,body,melanocortin,,mature,both,field,breeding,,response time,10,F,5.02,2,73,0.014,,,,,,,,,,,
"Deckel, AW; Jevitts, E",1997,Deckel and Jevitts 1997,Anolis carolinensis,vertebrate,green,,brown,body,melanocortin,,mature,males,captivity,year round,,headbobs and bites,10,t,-2.4,9,,0.02,,,,,,,,,,,
"Dijkstra, PD; Hemelrijk, C; Seehausen, O; Groothuis, TGG",2009,Dijkstra et al 2009,Pundamilia pundamilia,vertebrate,red,,blue,body,carotenoid,,mature,males,field,year round,,attacks,24,F,3.005,1,17,0.05,,,,,,,,,,,
"Dijkstra, PD; Maguire, SM; Harris, RM; Rodriguez, AA; DeAngelis, RS; Flores, SA; Hofmann, HA",2017,Dijkstra et al 2017,Astatotilapia burtoni,vertebrate,blue,,yellow,body,melanocortin,,mature,males,lab,year round,,chase and bites,20,r,,,,0.003,0.632,,,,,,,,,,
"Dijkstra, PD; Seehausen, O; Groothuis, TGG",2008,Dijkstra et al 2008,Neochromis omnicaeruleus,vertebrate,yellow/ brown,,blue,body,melanocortin,,mature,both,lab,breeding,,attack,46,t,-2.84,45,,<.01,,,,,,,,,,,
"Dijkstra, PD; van Dijk, S; Groothuis, TGG; Pierotti, MER; Seehausen, O",2009,Dijkstra et al 2009,Neochromis omnicaeruleus,vertebrate,plain,orange blotched,black/white blothced,body,melanocortin,,mature,females,lab,year round,,dominance,12,t,-2.67,11,,0.008,,,,,,,,,,,
"Franklin, AM; Donatelli, CM; Culligan, CR; Tytell, ED",2019,Franklin et al 2019,Neogonodactylus oerstedii,invertebrate,light meral spots,,dark meral spots,legs,unknown,,mature,both,lab,year round,,strike,18,X2,5.44,1,,0.02,,,,,,,,,,,
"Hasegawa, M; Ligon, RA; Giraudeau, M; Watanabe, M; McGraw, KJ",2014,Hasegawa et al 2014,Haemorhous mexicanus,vertebrate,drab,,colorful,body,carotenoid,,mature,males,captivity,breeding,,score,4,t,-0.98,3,,0.001,,,,,,,,,,,
"Hooper, RE; Plaistow, SJ; Tsubaki, Y",2006,Hooper et al 2006,Mnais costalis,invertebrate,clear,,orange,wings,carotenoid,,mature,males,field,year round,,time,56,F,5.75,2,55,0.005,,,,,,,,,,,
"Horth, L",2003,Horth 2003,Gambusia holbrooki,vertebrate,silver,,black,body,melanocortin,,mature,males,captivity,year round,,time,8,t,2.74,7,,0.029,,,,,,,,,,,
"Horton, BM; Hauber, ME; Maney, DL",2012,Horton et al 2012 - 1,Zonotrichia albicollis,vertebrate,white,,tan,throat,melanocortin,,mature,males,captivity,year round,,vocal aggression score,31,mean,,,,,,14,-0.67,,0.36,1.346996659,17,0.11,,0.01,0.041231056
"Horton, BM; Hauber, ME; Maney, DL",2012,Horton et al 2012 - 2,Zonotrichia albicollis,vertebrate,white,,tan,throat,melanocortin,,mature,males,captivity,year round,,physical aggression score,31,mean,,,,,,14,0.01,,0.31,1.15991379,17,0.01,,0.36,1.484318025
"Horton, BM; Hauber, ME; Maney, DL",2012,Horton et al 2012 - 3,Zonotrichia albicollis,vertebrate,white,,tan,throat,melanocortin,,mature,females,captivity,year round,,vocal aggression score,31,mean,,,,,,14,0.2,,0.33,1.234746938,17,-0.01,,0.31,1.278162744
"Horton, BM; Hauber, ME; Maney, DL",2012,Horton et al 2012 - 4,Zonotrichia albicollis,vertebrate,white,,tan,throat,melanocortin,,mature,females,captivity,year round,,physical aggression score,31,mean,,,,,,14,0.84,,0.34,1.272163512,17,-0.01,,0.59,2.432632319
"Horton, BM; Moore, IT; Maney, DL",2014,Horton et al 2014,Zonotrichia albicollis,vertebrate,white,,tan,throat,melanocortin,,mature,males,captivity,year round,,territorial,30,t,4.2,29,,0.001,,,,,,,,,,,
"HUHTA, E; ALATALO, RV",1993,Huhta and Alatalo 1993 - 1,Ficedula hypoleuca,vertebrate,brown,,black,body,melanocortin,,mature,males,field,year round,,rank,36,r,,,,,-0.21,,,,,,,,,,
"HUHTA, E; ALATALO, RV",1993,Huhta and Alatalo 1993 - 2,Ficedula hypoleuca,vertebrate,brown,,black,body,melanocortin,,juvenile,males,field,year round,,rank,31,r,,,,,0.15,,,,,,,,,,
"Jawor, JM; Gray, N; Beall, SM; Breitwisch, R",2004,Jawor et al 2004,Cardinalis cardinalis,vertebrate,light brown,,dark brown,face,melanocortin,,mature,females,wild,year round,,,22,r,,,,0.05,0.13,,,,,,,,,,
"Karlsson, AC; Mormede, P; Kerje, S; Jensen, P",2011,Karlsson et al 2011,Gallus gallus domesticus,vertebrate,white,,wild type,body,melanocortin,,both,males,domestic,year round,,,31,F,6.39,1,30,0.05,,,,,,,,,,,
"Kim, YK; Lee, SS; Oh, SI; Kim, JS; Suh, EH; Houpt, KA; Lee, HC; Lee, HJ; Yeon, SC",2010,Kim et al 2010,Canis lupus familiaris,vertebrate,white,,fawn,body,melanocortin,,both,both,domestic,year round,,,52,F,0.198,1,51,0.66,,,,,,,,,,,
"Korsten, P; Dijkstra, TH; Komdeur, J",2007,Korsten et al 2007,Cyanistes caeruleus ,vertebrate,reduced blue,,blue,head,unknown,,both,males,field,year round,,,8,t,3.66,7,,0.022,,,,,,,,,,,
"Korzan, WJ; Robison, RR; Zhao, S; Fernald, RD",2008,Korzan et al 2008,Astatotilapia burtoni ,vertebrate,blue,,yellow,body,melanocortin,,mature,males,lab,year round,,dominance index,16,t,3.1,15,,0.007,,,,,,,,,,,
"Lehtonen, TK",2014,Lehtonen 2014 - 1,Amphilophus sagittae,vertebrate,gold,,dark,body,melanocortin,,mature,males,field,breeding,,rate/5 min,80,F,1.044,1,80,0.31,,,,,,,,,,,
"Lehtonen, TK",2014,Lehtonen 2014 - 2,Amphilophus sagittae,vertebrate,gold,,dark,body,melanocortin,,mature,females,field,breeding,,rate/5 min,84,F,0.552,1,79,0.46,,,,,,,,,,,
"Leitao, AV; Ferreira, AC; Funghi, C; Trigo, S; Mota, PG",2015,Leitao et al. 2015 - 1,Serinus serinus,vertebrate,less yellow,,more yellow,head,carotenoid,,mature,males,captivity,non-breeding,,score (attacks + displays),28,F,9.977,1,17,0.005,,,,,,,,,,,
"Leitao, AV; Ferreira, AC; Funghi, C; Trigo, S; Mota, PG",2015,Leitao et al. 2015 - 2,Serinus serinus,vertebrate,less yellow,,more yellow,chest,carotenoid,,mature,males,captivity,non-breeding,,score (attacks + displays),28,F,0.82,1,17,0.379,,,,,,,,,,,
"Leitao, AV; Ferreira, AC; Funghi, C; Trigo, S; Mota, PG",2015,Leitao et al. 2015 - 3,Serinus serinus,vertebrate,less yellow,,more yellow,throat,carotenoid,,mature,males,captivity,non-breeding,,score (attacks + displays),28,F,0.793,1,17,0.385,,,,,,,,,,,
"Leitao, AV; Ferreira, AC; Funghi, C; Trigo, S; Mota, PG",2015,Leitao et al. 2015 - 4,Serinus serinus,vertebrate,less yellow,,more yellow,belly,carotenoid,,mature,males,captivity,non-breeding,,score (attacks + displays),28,F,0.001,1,17,0.99,,,,,,,,,,,
"Leitao, AV; Hall, ML; Delhey, K; Mulder, RA",2019,Leitao et al. 2019 - 1,Malurus amabilis,vertebrate,less blue,,more blue,cheek,unknown,,mature,both,captivity,year round,,score (attacks + displays),64,t,-2.76,35.6,,0.01,,,,,,,,,,,
"Leitao, AV; Hall, ML; Delhey, K; Mulder, RA",2019,Leitao et al. 2019 - 2,Malurus amabilis,vertebrate,grey,,blue,cheek,unknown,,mature,both,captivity,year round,,score,64,t,0.34,59.91,,0.93,,,,,,,,,,,
"Leitao, AV; Hall, ML; Delhey, K; Mulder, RA",2019,Leitao et al. 2019 - 3,Malurus amabilis,vertebrate,blender,,blue,cheek,unknown,,mature,both,captivity,year round,,score,64,t,-2.47,59.62,,0.04,,,,,,,,,,,
"Leitao, AV; Hall, ML; Delhey, K; Mulder, RA",2019,Leitao et al. 2019 - 4,Malurus amabilis,vertebrate,blender,,grey,cheek,unknown,,mature,both,captivity,year round,,score,64,t,-2.29,60,,0.06,,,,,,,,,,,
"Mafli A, Kazumasa Wakamatsu, Alexandre Roulin",2011,Mafli et al 2011,Eurotestudo boettgeri,vertebrate,light,,dark,shell,melanocortin,,mature,males,captivity,year round,,index,23,r,,,,0.0001,0.69,,,,,,,,,,
"MARTIN, FD; HENGSTEBECK, MF",1981,Martin and Hengstebeck 1981 - 1,Poecilia reticulata,vertebrate,light,intermediate,dark,eyes,none,,juvenile,both,captivity,changing,,aggressive encounters,74,F,3.8,2,17,0.005,,,,,,,,,,,
"MARTIN, FD; HENGSTEBECK, MF",1981,Martin and Hengstebeck 1981 - 2,Poecilia reticulata,vertebrate,light,,dark,eyes,none,,juvenile,both,captivity,changing,,mutual display,33,X2,21.3,6,,0.01,,,,,,,,,,,
"MARTIN, FD; HENGSTEBECK, MF",1981,Martin and Hengstebeck 1981 - 3,Poecilia reticulata,vertebrate,light,,dark,eyes,none,,juvenile,both,captivity,changing,,display,12,X2,21.3,6,,0.01,,,,,,,,,,,
"MARTIN, FD; HENGSTEBECK, MF",1981,Martin and Hengstebeck 1981 - 4,Poecilia reticulata,vertebrate,light,,dark,eyes,none,,juvenile,both,captivity,changing,,chase,61,X2,21.3,6,,0.01,,,,,,,,,,,
"MARTIN, FD; HENGSTEBECK, MF",1981,Martin and Hengstebeck 1981 - 5,Poecilia reticulata,vertebrate,light,,dark,eyes,none,,juvenile,both,captivity,changing,,nip,64,X2,21.3,6,,0.01,,,,,,,,,,,
"MARTIN, FD; HENGSTEBECK, MF",1981,Martin and Hengstebeck 1981 - 6,Poecilia reticulata,vertebrate,light,,dark,eyes,none,,juvenile,both,captivity,changing,,mutual display,27,X2,18.18,6,,0.01,,,,,,,,,,,
"MARTIN, FD; HENGSTEBECK, MF",1981,Martin and Hengstebeck 1981 - 7,Poecilia reticulata,vertebrate,light,,dark,eyes,none,,juvenile,both,captivity,changing,,display,11,X2,18.18,6,,0.01,,,,,,,,,,,
"MARTIN, FD; HENGSTEBECK, MF",1981,Martin and Hengstebeck 1981 - 8,Poecilia reticulata,vertebrate,light,,dark,eyes,none,,juvenile,both,captivity,changing,,chase,16,X2,18.18,6,,0.01,,,,,,,,,,,
"MARTIN, FD; HENGSTEBECK, MF",1981,Martin and Hengstebeck 1981 - 9,Poecilia reticulata,vertebrate,light,,dark,eyes,none,,juvenile,both,captivity,changing,,nip,11,X2,18.18,6,,0.01,,,,,,,,,,,
"McDonald, DB; Clay, RP; Brumfield, RT; Braun, MJ",2001,McDonald et al 2001 - 1,Manacus candei,vertebrate,white,,golden,collar and belly,carotenoid,,mature,males,field,breeding,,attack,34,mean,,,,,,17,5.9,,,16.6,17,23.5,,,31.2
"McDonald, DB; Clay, RP; Brumfield, RT; Braun, MJ",2001,McDonald et al 2001 - 2,Manacus vitellinus,vertebrate,white,lemon,,collar and belly,carotenoid,,mature,males,field,breeding,,attack,34,mean,,,,,,17,5.9,,,16.6,17,26.5,,,35.9
"McDonald, DB; Clay, RP; Brumfield, RT; Braun, MJ",2001,McDonald et al 2001 - 3,Manacus vitellinus,vertebrate,,lemon,golden,collar and belly,carotenoid,,mature,males,field,breeding,,calls,34,mean,,,,,,17,383.1,,,151.5,17,195.9,,,80.2
"McDonald, DB; Clay, RP; Brumfield, RT; Braun, MJ",2001,McDonald et al 2001 - 4,Manacus vitellinus,vertebrate,white,lemon,,collar and belly,carotenoid,,mature,males,field,breeding,,calls,34,mean,,,,,,17,199.8,,,111.2,17,383.1,,,151.5
"McElroy, EJ; Marien, C; Meyers, JJ; Irschick, DJ",2007,McElroy et al 2007,Urosaurus ornatus,vertebrate,orange,yellow,blue,ventral,carotenoid,,mature,males,field,year round,,number of pushups per display,43,F,10.84,1,32,0.002,,,,,,,,,,,
"McGraw, KJ; Dale, J; Mackillop, EA",2003,McGraw et al 2003,Passer domesticus,vertebrate,small size,,large size,body,melanocortin,,mature,males,captivity,non-breeding,,rankinteraction rate,42,F,4.05,1,42,0.05,,,,,,,,,,,
"McGraw, KJ; Medina-Jerez, W; Adams, H",2007,McGraw et al 2007,Carpodacus mexicanus,vertebrate,light red,,bright red,ventral,carotenoid,,mature,males,captivity,non-breeding,,encounters won,16,t,-1.72,15,,0.09,,,,,,,,,,,
"Moore, MP; Martin, RA",2016,Moore and Martin 2016,Pachydiplax longipennis,invertebrate,less black,,more black,wing tips,melanocortin,,mature,males,field,year round,,contests won,155,X2,6.5,1,,0.011,,,,,,,,,,,
"Morimoto, G; Yamaguchi, N; Ueda, K",2006,Morimoto et al 2006,Tarsiger cyanurus,vertebrate,olive-brown,,blue,body,unknown,,both,males,field,year round,,"fighting, chasing, threatening",74,F,9.411,2,14,0.003,,,,,,,,,,,
"Nie, CS; Ban, LP; Ning, ZH; Qu, LJ",2019,Nie et al 2019 - 1,Gallus gallus domesticus,vertebrate,white,,red,body,carotenoid,,mature,females,domestic,year round,,chase and attack,10,mean,,,,,,5,40.6,,,6.8,5,24.8,,,12.89
"Nie, CS; Ban, LP; Ning, ZH; Qu, LJ",2019,Nie et al 2019 - 2,Gallus gallus domesticus,vertebrate,white,,red,body,carotenoid,,mature,females,domestic,year round,,peak and threat,10,mean,,,,,,5,236.6,,,33.49,5,158.4,,,45.57
"O'Connor, EA; Saunders, JE; Grist, H; McLeman, MA; Wathes, CM; Abeyesinghe, SM",2011,O'Connor et al 2011,Gallus gallus domesticus,vertebrate,small,,large,comb,carotenoid,,mature,females,domestic,year round,,dominance score,120,F,13.68,1,110,0.001,,,,,,,,,,,
"O'Connor, KI; Metcalfe, NB; Taylor, AC",1999,O'Connor et al 1999,Salmo salar,vertebrate,light grey,slate grey,dark grey,body,melanocortin,,mature,both,captivity,year round,,score,33,r,,,,0.19,-0.23,,,,,,,,,,
"Petrocelli, I; Ricciardi, G; de Souza, AR; Ermanni, A; Ninu, A; Turillazzi, S",2015,Petrocelli et al 2015,Polistes gallicus,invertebrate,small black,,large black,head,melanocortin,,mature,females,captivity,year round,,dominance,42,X2,4.011,1,,0.042,,,,,,,,,,,
"Podberscek, AL; Serpell, JA",1996,Podberscek and Serpell 1996 - 1,Canis lupus familiaris,vertebrate,black,,red/golden,body,melanocortin,,both,both,domestic,year round,,strange dogs,428,t,2.582,427,,0.01,,,,,,,,,,,
"Podberscek, AL; Serpell, JA",1996,Podberscek and Serpell 1996 - 3,Canis lupus familiaris,vertebrate,black,,red/golden,body,melanocortin,,both,both,domestic,year round,,approaching owner away from home,426,t,2.774,425,,0.01,,,,,,,,,,,
"Podberscek, AL; Serpell, JA",1996,Podberscek and Serpell 1996 - 4,Canis lupus familiaris,vertebrate,black,,red/golden,body,melanocortin,,both,both,domestic,year round,,toward children,142,t,3.365,141,,0.001,,,,,,,,,,,
"Podberscek, AL; Serpell, JA",1996,Podberscek and Serpell 1996 - 6,Canis lupus familiaris,vertebrate,black,,red/golden,body,melanocortin,,both,both,domestic,year round,,attention on others in house,425,t,3.336,424,,0.001,,,,,,,,,,,
"Podberscek, AL; Serpell, JA",1996,Podberscek and Serpell 1996 - 7,Canis lupus familiaris,vertebrate,black,,red/golden,body,melanocortin,,both,both,domestic,year round,,toward owner or family,428,t,4.988,427,,0.001,,,,,,,,,,,
"Podberscek, AL; Serpell, JA",1996,Podberscek and Serpell 1996 - 8,Canis lupus familiaris,vertebrate,black,,red/golden,body,melanocortin,,both,both,domestic,year round,,when disciplined,427,t,4.524,426,,0.001,,,,,,,,,,,
"Podberscek, AL; Serpell, JA",1996,Podberscek and Serpell 1996 - 9,Canis lupus familiaris,vertebrate,black,,red/golden,body,melanocortin,,both,both,domestic,year round,,when reached for or handled,428,t,3.161,427,,0.01,,,,,,,,,,,
"Podberscek, AL; Serpell, JA",1996,Podberscek and Serpell 1996 - 10,Canis lupus familiaris,vertebrate,black,,red/golden,body,melanocortin,,both,both,domestic,year round,,when in restricted spaces,423,t,2.4,422,,0.05,,,,,,,,,,,
"Podberscek, AL; Serpell, JA",1996,Podberscek and Serpell 1996 - 11,Canis lupus familiaris,vertebrate,black,,red/golden,body,melanocortin,,both,both,domestic,year round,,meal times,426,t,3.492,425,,0.001,,,,,,,,,,,
"Podberscek, AL; Serpell, JA",1996,Podberscek and Serpell 1996 - 12,Canis lupus familiaris,vertebrate,black,,red/golden,body,melanocortin,,both,both,domestic,year round,,no reason,428,t,3.643,427,,0.001,,,,,,,,,,,
"Pryke, SR; Griffith, SC",2009,Pryke and Griffith 2009,Erythrura gouldiae,vertebrate,black,,red,face,melanocortin,,juvenile,females,lab,year round,,time,76,F,14.32,1,75,0.001,,,,,,,,,,,
"Pryke, SR; Lawes, MJ; Andersson, S",2001,Prkye et al 2001 - 1,Euplectes ardens,vertebrate,small yellow,average orange,large red,collar brightness,carotenoid,,mature,males,field,year round,,number of interactions,33,r,,,,NS,-0.23,,,,,,,,,,
"Pryke, SR; Lawes, MJ; Andersson, S",2001,Prkye et al 2001 - 2,Euplectes ardens,vertebrate,small yellow,average orange,large red,collar hue,carotenoid,,mature,males,field,year round,,number of interactions,33,r,,,,0.001,-0.47,,,,,,,,,,
"Pryke, SR; Lawes, MJ; Andersson, S",2001,Prkye et al 2001 - 3,Euplectes ardens,vertebrate,small yellow,average orange,large red,collar chroma,carotenoid,,mature,males,field,year round,,number of interactions,33,r,,,,NS,-0.14,,,,,,,,,,
"Pryke, SR; Lawes, MJ; Andersson, S",2001,Prkye et al 2001 - 4,Euplectes ardens,vertebrate,small yellow,average orange,large red,collar area,carotenoid,,mature,males,field,year round,,number of interactions,43,r,,,,0.001,-0.65,,,,,,,,,,
"Reiter, MK; Anthony, CD; Hickerson, CAM",2014,Reiter et al 2014,Plethodon cinereus,vertebrate,unstriped black,,striped red,dorsal,melanocortin,,mature,males,captivity,year round,,seconds,60,t,2.51,29,,0.012,,,,,,,,,,,
"Renn, SCP; Fraser, EJ; Aubin-Horth, N; Trainor, BC; Hofmann, HA",2012,Renn et al 2012,Astatotilapia burtoni,vertebrate,no black,,black,face,melanocortin,,mature,females,lab,year round,,number of chases,36,mean,,,,,,21,0.84,,0.16,0.733212111,15,11.46,,0.86,3.330765678
"Robertson, JM; Rosenblum, EB",2010,Robertson and Rosenblum 2010,Sceloporus undulatus,vertebrate,light,,dark,body,carotenoid,,mature,males,field,year round,,seconds,40,mean,,,,,,20,27.528,,3.964,17.72754693,20,17.913,,3.776,16.88678537
"Rodriguez-Barreto, D; Rey, O; Uren-Webster, TM; Castaldo, G; Consuegra, S; de Leaniz, CG",2019,Rodriguez-Barreto et al 2019,Oreochromis niloticus,vertebrate,lighter,,darker,body,carotenoid,,mature,both,lab,year round,,number of interactions,120,mean,,,,,,60,28.63,,5.93,45.93358249,60,7.11,,2.09,16.18907039
"Rose, P; Soole, L",2020,Rose and Soole 2020,Phoeniconaias minor,vertebrate,white,,pink,body,carotenoid,,mature,both,captivity,year round,,seconds,45,F,6.45,4,40,0.00004,0.33,,,,,,,,,,
"Rudh, A; Breed, MF; Qvarnstrom, A",2013,Rudh et al 2013,Dendrobates pumilio,vertebrate,green,,red,body,carotenoid,,mature,males,field,year round,,score,70,mean,,,,,,35,0.438,,0.225,1.331117951,35,0.745,,0.052,0.307636149
"Seaver, CMS; Hurd, PL",2017,Seaver and Hurd 2017 - 1,Pelvicachromis pulcher,vertebrate,yellow,,red,ventral,carotenoid,,mature,males,lab,year round,,number of charges,85,mean,,,,,,70,6.703,,,1.058,15,9.937,,,3.293
"Seaver, CMS; Hurd, PL",2017,Seaver and Hurd 2017 - 2,Pelvicachromis pulcher,vertebrate,yellow,,red,ventral,carotenoid,,mature,males,lab,year round,,number of lateral displays,85,mean,,,,,,70,3.468,,,0.803,15,1.783,,,0.431
"Seaver, CMS; Hurd, PL",2017,Seaver and Hurd 2017 - 3,Pelvicachromis pulcher,vertebrate,yellow,,red,ventral,carotenoid,,mature,males,lab,year round,,number of tail beats,85,mean,,,,,,70,4.645,,,0.941,15,9.761,,,3.47
"Seaver, CMS; Hurd, PL",2017,Seaver and Hurd 2017 - 4,Pelvicachromis pulcher,vertebrate,yellow,,red,ventral,carotenoid,,mature,males,lab,year round,,number of bites,85,mean,,,,,,70,325.038,,,42.573,15,457.507,,,135.023
"Seddon, RJ; Hews, DK",2017,Seddon and Hews 2017,Sceloporus occidentalis,vertebrate,white,,black,chest,melanocortin,,mature,males,field,year round,,physical contact/retreat,78,F,22.42,1,57,0.001,,,,,,,,,,,
"Seddon, RJ; Hews, DK",2016,Seddon and Hews 2016 - 1,Sceloporus occidentalis,vertebrate,white,,black,ventral,melanocortin,,mature,males,field,year round,,chemosensory,30,t,2.08,14,,0.047,,,,,,,,,,,
"Seddon, RJ; Hews, DK",2016,Seddon and Hews 2016 - 2,Sceloporus occidentalis,vertebrate,white,,black,ventral,melanocortin,,mature,males,field,year round,,reposition,30,t,3.221,14,,0.003,,,,,,,,,,,
"Seddon, RJ; Hews, DK",2016,Seddon and Hews 2016 - 3,Sceloporus occidentalis,vertebrate,white,,black,ventral,melanocortin,,mature,males,field,year round,,head-bob bouts,30,t,2.5,14,,0.035,,,,,,,,,,,
"Seddon, RJ; Hews, DK",2016,Seddon and Hews 2016 - 4,Sceloporus occidentalis,vertebrate,white,,black,ventral,melanocortin,,mature,males,field,year round,,fullshow bouts,30,t,2.42,14,,0.022,,,,,,,,,,,
"Seddon, RJ; Hews, DK",2016,Seddon and Hews 2016 - 5,Sceloporus occidentalis,vertebrate,white,,black,ventral,melanocortin,,mature,males,field,year round,,charge,30,t,2.213,14,,0.035,,,,,,,,,,,
"Seddon, RJ; Hews, DK",2016,Seddon and Hews 2016 - 6,Sceloporus occidentalis,vertebrate,white,,black,ventral,melanocortin,,mature,males,field,year round,,biting,30,t,2.04,14,,0.051,,,,,,,,,,,
"Seddon, RJ; Hews, DK",2016,Seddon and Hews 2016 - 7,Sceloporus occidentalis,vertebrate,white,,black,ventral,melanocortin,,mature,males,field,year round,,rate of move toward,30,t,0.42,14,,0.681,,,,,,,,,,,
"Stapley, J",2006,Stapley 2006,Pseudemoia entrecasteauxii,vertebrate,white,,orange,ventral,carotenoid,,mature,males,captivity,year round,,interactions,32,F,22.46,1,31,0.001,,,,,,,,,,,
"Suter, HC; Huntingford, FA",2002,Suter and Huntingford 2002,Salmo salar,vertebrate,pale,,dark,eyes,none,,juvenile,both,lab,changing,,number of acts,7,t,-2.45,6,,0.05,,,,,,,,,,,
"Taylor, JN; Lattanzio, MS",2016,Taylor and Lattanzio 2016,Urosaurus ornatus,vertebrate,yellow,,blue,throat,carotenoid,,mature,males,captivity,year round,,score,76,mean,,,,,,41,3.6,,0.4,2.561249695,35,4.1,,0.5,2.958039892
"Tinghitella, RM; Lehto, WR; Lierheimer, VF",2018,Tinghitella et al 2018 - 1,Gasterosteus aculeatus,vertebrate,red,,black,body,melanocortin,,mature,males,captivity,year round,,"approach, bite, chase",20,X2,2.18,2,,0.34,,,,,,,,,,,
"Tinghitella, RM; Lehto, WR; Lierheimer, VF",2018,Tinghitella et al 2018 - 2,Gasterosteus aculeatus,vertebrate,red,,black,body,melanocortin,,mature,males,captivity,year round,,wins,20,X2,0.46,1,,0.5,,,,,,,,,,,
"Tinghitella, RM; Lehto, WR; Minter, R",2015,Tinghitella et al 2015 - 1,Gasterosteus aculeatus,vertebrate,red,,black,body,melanocortin,,mature,males,captivity,year round,,number of behaviors,10,F,25.55,1,9.6,0.001,,,,,,,,,,,
"Tinghitella, RM; Lehto, WR; Minter, R",2015,Tinghitella et al 2015 - 2,Gasterosteus aculeatus,vertebrate,red,,black,body,melanocortin,,mature,females,captivity,year round,,number of behaviors,6,F,5.06,1,4.8,0.077,,,,,,,,,,,
"Titone, V; Marsiglia, F; Mangiacotti, M; Sacchi, R; Scali, S; Zuffi, MAL",2018,Titone et al 2018,Podarcis siculus,vertebrate,white,,green,ventral,unknown,,mature,males,captivity,year round,,score,30,F,0.317,1,29,0.58,,,,,,,,,,,
"Vercken, E; Clobert, J",2008,Vercken and Clobert 2008 - 1,Lacerta vivipara,vertebrate,orange,mixed,yellow,ventral,carotenoid,,mature,females,captivity,year round,,scratching time,238,F,0.16,1,233,0.68,,,,,,,,,,,
"Vercken, E; Clobert, J",2008,Vercken and Clobert 2008 - 2,Lacerta vivipara,vertebrate,orange,mixed,yellow,ventral,carotenoid,,mature,females,captivity,year round,,bite attempts,238,X2,3.95,2,,0.14,,,,,,,,,,,
"Vercken, E; Clobert, J",2008,Vercken and Clobert 2008 - 3,Lacerta vivipara,vertebrate,orange,mixed,yellow,ventral,carotenoid,,mature,females,captivity,year round,,flee attempts,231,X2,16.18,1,,0.0001,,,,,,,,,,,
"Williams, LJ; King, AJ; Mettke-Hofmann, C",2012,Williams et al 2012,Erythrura gouldiae,vertebrate,red,,black,head,carotenoid,,mature,both,captivity,year round,,score,40,mean,,,,,,20,2.103,,0.718,3.210993616,20,0.407,,0.222,0.992814182
"Yang, Y; Dugas, MB; Sudekum, HJ; Murphy, SN; Richards-Zawacki, CL",2018,Yang et al 2018 - 1,Oophaga pumilio,vertebrate,red,intermediate,blue,body,carotenoid,,mature,males,field,year round,,track high red,140,X2,2.1,2,,0.351,,,,,,,,,,,
"Yang, Y; Dugas, MB; Sudekum, HJ; Murphy, SN; Richards-Zawacki, CL",2018,Yang et al 2018 - 2,Oophaga pumilio,vertebrate,red,intermediate,blue,body,carotenoid,,mature,males,field,year round,,track high blue,139,X2,4.25,2,,0.119,,,,,,,,,,,
"Yang, Y; Dugas, MB; Sudekum, HJ; Murphy, SN; Richards-Zawacki, CL",2018,Yang et al 2018 - 3,Oophaga pumilio,vertebrate,red,intermediate,blue,body,carotenoid,,mature,males,field,year round,,approach high red,140,X2,2.77,2,,0.25,,,,,,,,,,,
"Yang, Y; Dugas, MB; Sudekum, HJ; Murphy, SN; Richards-Zawacki, CL",2018,Yang et al 2018 - 4,Oophaga pumilio,vertebrate,red,intermediate,blue,body,carotenoid,,mature,males,field,year round,,approach high blue,139,X2,1.77,2,,0.412,,,,,,,,,,,
"Yang, Y; Dugas, MB; Sudekum, HJ; Murphy, SN; Richards-Zawacki, CL",2018,Yang et al 2018 - 5,Oophaga pumilio,vertebrate,red,intermediate,blue,body,carotenoid,,mature,males,field,year round,,call high red,140,X2,4.16,2,,0.125,,,,,,,,,,,
"Yang, Y; Dugas, MB; Sudekum, HJ; Murphy, SN; Richards-Zawacki, CL",2018,Yang et al 2018 - 6,Oophaga pumilio,vertebrate,red,intermediate,blue,body,carotenoid,,mature,males,field,year round,,call high blue,139,X2,0.61,2,,0.736,,,,,,,,,,,
"Yang, Y; Dugas, MB; Sudekum, HJ; Murphy, SN; Richards-Zawacki, CL",2018,Yang et al 2018 - 7,Oophaga pumilio,vertebrate,red,intermediate,blue,body,carotenoid,,mature,males,field,year round,,challenge high red,140,X2,2.33,2,,0.312,,,,,,,,,,,
"Yang, Y; Dugas, MB; Sudekum, HJ; Murphy, SN; Richards-Zawacki, CL",2018,Yang et al 2018 - 8,Oophaga pumilio,vertebrate,red,intermediate,blue,body,carotenoid,,mature,males,field,year round,,challenge high blue,139,X2,3.16,2,,0.205,,,,,,,,,,,
"Yewers, MSC; Pryke, S; Stuart-Fox, D",2016,Yewers et al 2016,Ctenophorus decresii,vertebrate,grey,yellow,orange,throat,carotenoid,,mature,males,field,year round,,score,34,F,2.94,3,28.5,0.05,,,,,,,,,,,
"Yong, L; Woodall, BE; Pierotti, MER; McKinnon, JS",2015,Yong et al 2015 - 1,Gasterosteus aculeatus,vertebrate,no red,,red,throat,carotenoid,,mature,females,captivity,breeding,,bite rate,40,F,0.25,1,39,>0.05,,,,,,,,,,,
"Yong, L; Woodall, BE; Pierotti, MER; McKinnon, JS",2015,Yong et al 2015 - 2,Gasterosteus aculeatus,vertebrate,no red,,red,throat,carotenoid,,mature,females,captivity,breeding,,lunge,40,F,1.46,1,39,>0.05,,,,,,,,,,,
"Yong, L; Woodall, BE; Pierotti, MER; McKinnon, JS",2015,Yong et al 2015 - 3,Gasterosteus aculeatus,vertebrate,no red,,red,throat,carotenoid,,mature,females,captivity,breeding,,chase,40,F,0.02,1,39,>0.05,,,,,,,,,,,
"Yong, LX; Lee, B; Mckinnon, JS",2018,Yong et al 2018 - 1,Gasterosteus aculeatus,vertebrate,less red,,more red,throat,carotenoid,,mature,females,captivity,breeding,,bite rate,43,F,0.127,1,38,0.127,,,,,,,,,,,
"Yong, LX; Lee, B; Mckinnon, JS",2018,Yong et al 2018 - 2,Gasterosteus aculeatus,vertebrate,less red,,more red,spine,carotenoid,,mature,females,captivity,breeding,,bite rate,43,F,0.039,1,38,0.84,,,,,,,,,,,
"Zinzow-Kramer, WM; Horton, BM; McKee, CD; Michaud, JM; Tharp, GK; Thomas, JW; Tuttle, EM; Yi, S; Maney, DL",2015,Zinzow-Kramer et al 2015 - 1,Zonotrichia albicollis,vertebrate,white,,tan,head,melanocortin,,mature,males,field,year round,,songs per 10 min,19,mean,,,,,,10,23.516,,,19.68296296,9,1.733,,,7.089382716
"Zinzow-Kramer, WM; Horton, BM; McKee, CD; Michaud, JM; Tharp, GK; Thomas, JW; Tuttle, EM; Yi, S; Maney, DL",2015,Zinzow-Kramer et al 2015 - 2,Zonotrichia albicollis,vertebrate,white,,tan,head,melanocortin,,mature,males,field,year round,,trills per 10 min,19,mean,,,,,,10,0,,,0.24691358,9,0,,,0.49382716
"Zinzow-Kramer, WM; Horton, BM; McKee, CD; Michaud, JM; Tharp, GK; Thomas, JW; Tuttle, EM; Yi, S; Maney, DL",2015,Zinzow-Kramer et al 2015 - 3,Zonotrichia albicollis,vertebrate,white,,tan,head,melanocortin,,mature,males,field,year round,,chips per 10 min,19,mean,,,,,,10,20.846,,,41.38765432,9,16.172,,,19.32790123
"Zinzow-Kramer, WM; Horton, BM; McKee, CD; Michaud, JM; Tharp, GK; Thomas, JW; Tuttle, EM; Yi, S; Maney, DL",2015,Zinzow-Kramer et al 2015 - 4,Zonotrichia albicollis,vertebrate,white,,tan,head,melanocortin,,mature,males,field,year round,,flights per 10 min,19,mean,,,,,,10,7.565,,,9.093333333,9,11.342,,,11.44197531
"Zinzow-Kramer, WM; Horton, BM; McKee, CD; Michaud, JM; Tharp, GK; Thomas, JW; Tuttle, EM; Yi, S; Maney, DL",2015,Zinzow-Kramer et al 2015 - 5,Zonotrichia albicollis,vertebrate,white,,tan,head,melanocortin,,mature,males,field,year round,,time in 5 m (min),19,mean,,,,,,10,10.154,,,0.303703704,9,10.155,,,0.835555556
"Zinzow-Kramer, WM; Horton, BM; McKee, CD; Michaud, JM; Tharp, GK; Thomas, JW; Tuttle, EM; Yi, S; Maney, DL",2015,Zinzow-Kramer et al 2015 - 6,Zonotrichia albicollis,vertebrate,white,,tan,head,melanocortin,,mature,males,field,year round,,time in 2 m (min),19,mean,,,,,,10,7.168,,,4.40691358,9,6.047,,,4.021728395
"Zinzow-Kramer, WM; Horton, BM; McKee, CD; Michaud, JM; Tharp, GK; Thomas, JW; Tuttle, EM; Yi, S; Maney, DL",2015,Zinzow-Kramer et al 2015 - 7,Zonotrichia albicollis,vertebrate,white,,tan,head,melanocortin,,mature,males,field,year round,,latency (min),19,mean,,,,,,10,0.782,,,0.650864198,9,0.977,,,1.08345679
"Zinzow-Kramer, WM; Horton, BM; McKee, CD; Michaud, JM; Tharp, GK; Thomas, JW; Tuttle, EM; Yi, S; Maney, DL",2015,Zinzow-Kramer et al 2015 - 8,Zonotrichia albicollis,vertebrate,white,,tan,head,melanocortin,,mature,males,field,year round,,closest approach (m),19,mean,,,,,,10,0.247,,,0.212839506,9,0.354,,,0.630617284
