,Authors,Publication.Year,Study,Species,Geographic,Vert_Invert,Color1,Color2,Color3,Pattern,Classification,Eu_Pheomelanin,Social_Rank_Controlled,Obs_vs_Exp,Condition_Stats,Condition,Age,Sex,Location,Season,Plasticity,Aggression,Aggression.Units,Sample.Size,Stat.Test,Test.Statistic,df1,df2,p.value,r,n1,mean1,var1,se1,sd1,n2,mean2,var2,se2,sd2
1,"Lehtonen, TK",2014,Lehtonen 2014 - 1,Amphilophus sagittae,"Crater Lake Xiloa, Nicaragua",vertebrate,gold,,dark,body,melanocortin,eumelanin,dummy used,Exp,Covariate,Length,mature,males,field,breeding,No,Direct,rate/5 min,45,mean,NA,NA,NA,NA,NA,21,2.655,NA,NA,2.862,24,3.07,NA,NA,2.207
2,"Lehtonen, TK",2014,Lehtonen 2014 - 2,Amphilophus sagittae,"Crater Lake Xiloa, Nicaragua",vertebrate,gold,,dark,body,melanocortin,eumelanin,dummy used,Exp,Covariate,Length,mature,females,field,breeding,No,Direct,rate/5 min,38,mean,NA,NA,NA,NA,NA,15,3.463,NA,NA,2.677,23,4.446,NA,NA,1.928
3,"Andrews, TJ; Summers, CH",1996,Andrews and Summers 1996 - 1,Anolis carolinensis,"Buck's Live Animals, La Place, LA",vertebrate,light green,,dark brown,body,melanocortin,eumelanin,isolated,Exp,NS,Weight and length,mature,both,captivity,year round,Plastic,Direct,attacks/bites no male present,18,t,1.92,16,NA,0.072,NA,NA,NA,NA,NA,NA,NA,NA,NA,NA,NA
3,"Andrews, TJ; Summers, CH",1996,Andrews and Summers 1996 - 2,Anolis carolinensis,"Buck's Live Animals, La Place, LA",vertebrate,light green,,dark brown,body,melanocortin,eumelanin,isolated,Exp,NS,Weight and length,mature,both,captivity,year round,Plastic,Direct,attacks/bites with male present,18,F,16.393,5,53,0.001,NA,NA,NA,NA,NA,NA,NA,NA,NA,NA,NA
4,"Deckel, AW; Jevitts, E",1997,Deckel and Jevitts 1997 - 1,Anolis carolinensis,Local Suppliers,vertebrate,green,,brown,body,melanocortin,eumelanin,isolated,Exp,uncontrolled,None measured,mature,males,captivity,year round,Plastic,Direct,headbobs,100,r,NA,NA,NA,0.01,0.495,NA,NA,NA,NA,NA,NA,NA,NA,NA,NA
5,"Deckel, AW; Jevitts, E",1998,Deckel and Jevitts 1997 - 2,Anolis carolinensis,Local Suppliers,vertebrate,green,,brown,body,melanocortin,eumelanin,isolated,Exp,uncontrolled,None measured,mature,males,captivity,year round,Plastic,Direct,headbobs and dewlaps,100,r,NA,NA,NA,N/A,0.125,NA,NA,NA,NA,NA,NA,NA,NA,NA,NA
6,"Deckel, AW; Jevitts, E",1999,Deckel and Jevitts 1997 - 3,Anolis carolinensis,Local Suppliers,vertebrate,green,,brown,body,melanocortin,eumelanin,isolated,Exp,uncontrolled,None measured,mature,males,captivity,year round,Plastic,Direct,aggressive movements,100,r,NA,NA,NA,N/A,0.324,NA,NA,NA,NA,NA,NA,NA,NA,NA,NA
7,"Deckel, AW; Jevitts, E",1997,Deckel and Jevitts 1997 - 4,Anolis carolinensis,Local Suppliers,vertebrate,green,,brown,body,melanocortin,eumelanin,isolated,Exp,uncontrolled,None measured,mature,males,captivity,year round,Plastic,Direct,threated bites,100,r,NA,NA,NA,0.05,0.417,NA,NA,NA,NA,NA,NA,NA,NA,NA,NA
8,"Clement, TS; Parikh, V; Schrumpf, M; Fernald, RD",2005,Clement et al 2005,Astatotilapia burtoni,"Lake Tanaganyika, Tanzania",vertebrate,drab blue/yellow,,bright blue/yellow,body,carotenoid,N/A,video ,Exp,"NS (F1,10=0.628, p = 0.451)",Size Matched -activity level same,mature,males,lab,year round,Plastic,Direct,territorial,28,mean,NA,NA,NA,NA,NA,5,0.382,NA,0.144,0.322,5,0.732,NA,0.028,0.063
10,"Korzan, WJ; Robison, RR; Zhao, S; Fernald, RD",2008,Korzan et al 2008,Astatotilapia burtoni,"Lake Tanaganyika, Tanzania",vertebrate,blue,,yellow,body,carotenoid,N/A,new individuals,Exp,Size matched,Weight and growth rate,mature,males,lab,year round,Plastic,Direct,dominance index,16,t,3.1,15,NA,0.007,NA,NA,NA,NA,NA,NA,NA,NA,NA,NA,NA
11,"Renn, SCP; Fraser, EJ; Aubin-Horth, N; Trainor, BC; Hofmann, HA",2012,Renn et al 2012,Astatotilapia burtoni,"Lake Tanaganyika, Tanzania",vertebrate,no black,,black,face,melanocortin,eumelanin,uncontrolled,Obs,Size matched,Weight and length,mature,females,lab,year round,No,Direct,number of chases,36,mean,NA,NA,NA,NA,NA,21,0.84,NA,0.16,0.733212111,15,11.46,NA,0.86,3.330765678
12,"Boerner, M; Kruger, O",2009,Boerner and Kruger 2009 - 1,Buteo buteo,"Westphalia, Germany",vertebrate,light,intermediate,dark,body,melanocortin,eumelanin,dummy used,Exp,uncontrolled,None measured,mature,males,field,breeding,No,Indirect,score,54,mean,NA,NA,NA,NA,NA,16,1.728,NA,0.141,0.564,7,0.57,NA,0.368,0.9736
13,"Boerner, M; Kruger, O",2009,Boerner and Kruger 2009 - 2,Buteo buteo,"Westphalia, Germany",vertebrate,light,intermediate,dark,body,melanocortin,eumelanin,dummy used,Exp,uncontrolled,None measured,mature,females,field,breeding,No,Indirect,score,54,mean,NA,NA,NA,NA,NA,20,0.632,NA,0.176,0.7871,4,1.71,NA,0.255,0.51
14,"Chaine, AS; Lyon, BE",2008,Chaine and Lyon 2008 - 1,Calamospiza melanocorys,"Pawnee National Grassland, Colorado, USA",vertebrate,light,,dark,rump,melanocortin,eumelanin,uncontrolled,Obs,"NS (t45 = 0.74, p = 0.46)",Length,mature,males,field,breeding,No,Direct,territorial,94,t,2.84,46,NA,0.007,NA,NA,NA,NA,NA,NA,NA,NA,NA,NA,NA
15,"Chaine, AS; Lyon, BE",2009,Chaine and Lyon 2008 - 2,Calamospiza melanocorys,"Pawnee National Grassland, Colorado, USA",vertebrate,light,,dark,rump,melanocortin,eumelanin,dummy used,Exp,Covariate,Length,mature,males,field,breeding,No,Direct,physical aggression score,94,r,NA,NA,NA,NA,0.269,NA,NA,NA,NA,NA,NA,NA,NA,NA,NA
16,"Chaine, AS; Lyon, BE",2008,Chaine and Lyon 2008 - 3,Calamospiza melanocorys,"Pawnee National Grassland, Colorado, USA",vertebrate,light,,dark,body,melanocortin,eumelanin,uncontrolled,Obs,"NS (t45 = 0.74, p = 0.46)",Length,mature,males,field,breeding,No,Direct,territorial,94,t,2.11,46,NA,0.004,NA,NA,NA,NA,NA,NA,NA,NA,NA,NA,NA
17,"Kim, YK; Lee, SS; Oh, SI; Kim, JS; Suh, EH; Houpt, KA; Lee, HC; Lee, HJ; Yeon, SC",2010,Kim et al 2010,Canis lupus familiaris,South Korea,vertebrate,white,,fawn,body,melanocortin,pheomelanin,new individuals,Exp,uncontrolled,None measured,both,both,domestic,year round,No,Indirect,reactivity score,51,mean,NA,NA,NA,NA,NA,20,1.234,NA,NA,0.625,31,1.344,NA,NA,0.36
18,"Podberscek, AL; Serpell, JA",1996,Podberscek and Serpell 1996 - 1,Canis lupus familiaris,UK,vertebrate,black,,red/golden,body,melanocortin,pheomelanin,isolated,Obs,uncontrolled,None measured,both,both,domestic,year round,No,Indirect,strange dogs,428,t,2.582,427,NA,0.01,NA,NA,NA,NA,NA,NA,NA,NA,NA,NA,NA
19,"Podberscek, AL; Serpell, JA",1996,Podberscek and Serpell 1996 - 10,Canis lupus familiaris,UK,vertebrate,black,,red/golden,body,melanocortin,pheomelanin,isolated,Obs,uncontrolled,None measured,both,both,domestic,year round,No,Indirect,when in restricted spaces,423,t,2.4,422,NA,0.05,NA,NA,NA,NA,NA,NA,NA,NA,NA,NA,NA
20,"Podberscek, AL; Serpell, JA",1996,Podberscek and Serpell 1996 - 11,Canis lupus familiaris,UK,vertebrate,black,,red/golden,body,melanocortin,pheomelanin,isolated,Obs,uncontrolled,None measured,both,both,domestic,year round,No,Indirect,meal times,426,t,3.492,425,NA,0.001,NA,NA,NA,NA,NA,NA,NA,NA,NA,NA,NA
21,"Podberscek, AL; Serpell, JA",1996,Podberscek and Serpell 1996 - 12,Canis lupus familiaris,UK,vertebrate,black,,red/golden,body,melanocortin,pheomelanin,isolated,Obs,uncontrolled,None measured,both,both,domestic,year round,No,Indirect,no reason,428,t,3.643,427,NA,0.001,NA,NA,NA,NA,NA,NA,NA,NA,NA,NA,NA
22,"Podberscek, AL; Serpell, JA",1996,Podberscek and Serpell 1996 - 3,Canis lupus familiaris,UK,vertebrate,black,,red/golden,body,melanocortin,pheomelanin,isolated,Obs,uncontrolled,None measured,both,both,domestic,year round,No,Indirect,approaching owner away from home,426,t,2.774,425,NA,0.01,NA,NA,NA,NA,NA,NA,NA,NA,NA,NA,NA
23,"Podberscek, AL; Serpell, JA",1996,Podberscek and Serpell 1996 - 4,Canis lupus familiaris,UK,vertebrate,black,,red/golden,body,melanocortin,pheomelanin,isolated,Obs,uncontrolled,None measured,both,both,domestic,year round,No,Indirect,toward children,142,t,3.365,141,NA,0.001,NA,NA,NA,NA,NA,NA,NA,NA,NA,NA,NA
24,"Podberscek, AL; Serpell, JA",1996,Podberscek and Serpell 1996 - 6,Canis lupus familiaris,UK,vertebrate,black,,red/golden,body,melanocortin,pheomelanin,isolated,Obs,uncontrolled,None measured,both,both,domestic,year round,No,Indirect,attention on others in house,425,t,3.336,424,NA,0.001,NA,NA,NA,NA,NA,NA,NA,NA,NA,NA,NA
25,"Podberscek, AL; Serpell, JA",1996,Podberscek and Serpell 1996 - 7,Canis lupus familiaris,UK,vertebrate,black,,red/golden,body,melanocortin,pheomelanin,isolated,Obs,uncontrolled,None measured,both,both,domestic,year round,No,Indirect,toward owner or family,428,t,4.988,427,NA,0.001,NA,NA,NA,NA,NA,NA,NA,NA,NA,NA,NA
26,"Podberscek, AL; Serpell, JA",1996,Podberscek and Serpell 1996 - 8,Canis lupus familiaris,UK,vertebrate,black,,red/golden,body,melanocortin,pheomelanin,isolated,Obs,uncontrolled,None measured,both,both,domestic,year round,No,Indirect,when disciplined,427,t,4.524,426,NA,0.001,NA,NA,NA,NA,NA,NA,NA,NA,NA,NA,NA
27,"Podberscek, AL; Serpell, JA",1996,Podberscek and Serpell 1996 - 9,Canis lupus familiaris,UK,vertebrate,black,,red/golden,body,melanocortin,pheomelanin,isolated,Obs,uncontrolled,None measured,both,both,domestic,year round,No,Indirect,when reached for or handled,428,t,3.161,427,NA,0.01,NA,NA,NA,NA,NA,NA,NA,NA,NA,NA,NA
28,"Jawor, JM; Gray, N; Beall, SM; Breitwisch, R",2004,Jawor et al 2004,Cardinalis cardinalis,"Aullwood Audubon Center and Farm Dayton, Ohio, USA",vertebrate,light black,,dark black,face,melanocortin,eumelanin,dummy used,Exp,Covariate,Length and growth rate,mature,females,field,year round,No,Direct,attacks,22,t,2.09,21,NA,0.05,NA,NA,NA,NA,NA,NA,NA,NA,NA,NA,NA
29,"BARLOW, GW; SIRI, P",1994,Barlow and Siri 1994,Cichlasoma citrinellum,"Lake Masaya, Nicaragua",vertebrate,grey,,golden,body,carotenoid,N/A,dummy used,Exp,Size matched,Weight and length,juvenile,both,captivity,year round,Plastic,Direct,attacks,36,F,0.769,1,27,0.388,NA,NA,NA,NA,NA,NA,NA,NA,NA,NA,NA
30,"Beeching, SC; Gross, SH; Bretz, HS; Hariatis, E",1998,Beeching et al 1998 - 1,Cichlasoma nigrofasciatum,Local Suppliers,vertebrate,dull orange,,bright orange,ventral,carotenoid,N/A,isolated and videos,Exp,uncontrolled,None measured,mature,females,lab,year round,Plastic,Direct,approach,11,r,NA,NA,NA,NS,-0.65,NA,NA,NA,NA,NA,NA,NA,NA,NA,NA
31,"Beeching, SC; Gross, SH; Bretz, HS; Hariatis, E",1998,Beeching et al 1998 - 2,Cichlasoma nigrofasciatum,Local Suppliers,vertebrate,dull orange,,bright orange,ventral,carotenoid,N/A,isolated and videos,Exp,uncontrolled,None measured,mature,females,lab,year round,Plastic,Direct,lateral display,11,r,NA,NA,NA,NS,-0.51,NA,NA,NA,NA,NA,NA,NA,NA,NA,NA
32,"Beeching, SC; Gross, SH; Bretz, HS; Hariatis, E",1998,Beeching et al 1998 - 3,Cichlasoma nigrofasciatum,Local Suppliers,vertebrate,dull orange,,bright orange,ventral,carotenoid,N/A,isolated and videos,Exp,uncontrolled,None measured,mature,females,lab,year round,Plastic,Direct,frontal display,11,r,NA,NA,NA,0.005,-0.77,NA,NA,NA,NA,NA,NA,NA,NA,NA,NA
33,"Beeching, SC; Gross, SH; Bretz, HS; Hariatis, E",1998,Beeching et al 1998 - 4,Cichlasoma nigrofasciatum,Local Suppliers,vertebrate,dull orange,,bright orange,ventral,carotenoid,N/A,isolated and videos,Exp,uncontrolled,None measured,mature,females,lab,year round,Plastic,Direct,bite,11,r,NA,NA,NA,0.02,-0.69,NA,NA,NA,NA,NA,NA,NA,NA,NA,NA
34,"Yewers, MSC; Pryke, S; Stuart-Fox, D",2016,Yewers et al 2016,Ctenophorus decresii,"Yourambulla Caves Historic Reserve in the Flinders Ranges, South Australia, Australia",vertebrate,grey,yellow,orange,throat,carotenoid,N/A,dummy used,Exp,"Covariate (F1,28.2= 3.64, p = 0.067)",Weight and length,mature,males,field,year round,Plastic,Indirect,score,34,F,2.94,3,28.5,0.05,NA,NA,NA,NA,NA,NA,NA,NA,NA,NA,NA
35,"Korsten, P; Dijkstra, TH; Komdeur, J",2007,Korsten et al 2007,Cyanistes caeruleus,"Estate of Vosbergen, Groningen, the Netherlands",vertebrate,reduced blue,,blue,head,structural,N/A,dummy and speaker,Exp,NS,Weight,both,males,field,year round,Plastic,Direct,attack,23,t,0.2,13.1,NA,0.85,NA,NA,NA,NA,NA,NA,NA,NA,NA,NA,NA
36,"Pryke, SR; Griffith, SC",2009,Pryke and Griffith 2009,Erythrura gouldiae,"Gouldian Fund Research Facility, Martinsville, Australia",vertebrate,red,,black,face,melanocortin,eumelanin,dummy used,Exp,Covariate,Weight and length,juvenile,females,lab,year round,Plastic,Indirect,score,76,F,14.32,1,75,0.001,NA,NA,NA,NA,NA,NA,NA,NA,NA,NA,NA
37,"Williams, LJ; King, AJ; Mettke-Hofmann, C",2012,Williams et al 2012,Erythrura gouldiae,Local Suppliers,vertebrate,red,,black,head,melanocortin,eumelanin,new individuals,Obs,Size matched,Length,mature,both,captivity,year round,Plastic,Indirect,score,40,mean,NA,NA,NA,,NA,20,2.103,NA,0.718,3.210993616,20,0.407,NA,0.222,0.992814182
38,"Pryke, SR; Lawes, MJ; Andersson, S",2001,Prkye et al 2001 - 1,Euplectes ardens,"Mondi Mountain Home Estate in eastern KwaZulu-Natal, South Africa",vertebrate,small yellow,average orange,large red,collar brightness,carotenoid,N/A,uncontrolled,Obs,Covariate,Weight and length,mature,males,field,year round,Plastic,Direct,number of interactions,33,r,NA,NA,NA,NS,-0.23,NA,NA,NA,NA,NA,NA,NA,NA,NA,NA
39,"Pryke, SR; Lawes, MJ; Andersson, S",2001,Prkye et al 2001 - 2,Euplectes ardens,"Mondi Mountain Home Estate in eastern KwaZulu-Natal, South Africa",vertebrate,small yellow,average orange,large red,collar hue,carotenoid,N/A,uncontrolled,Obs,Covariate,Weight and length,mature,males,field,year round,Plastic,Direct,number of interactions,33,r,NA,NA,NA,0.001,-0.47,NA,NA,NA,NA,NA,NA,NA,NA,NA,NA
40,"Pryke, SR; Lawes, MJ; Andersson, S",2001,Prkye et al 2001 - 3,Euplectes ardens,"Mondi Mountain Home Estate in eastern KwaZulu-Natal, South Africa",vertebrate,small yellow,average orange,large red,collar chroma,carotenoid,N/A,uncontrolled,Obs,Covariate,Weight and length,mature,males,field,year round,Plastic,Direct,number of interactions,33,r,NA,NA,NA,NS,-0.14,NA,NA,NA,NA,NA,NA,NA,NA,NA,NA
41,"Pryke, SR; Lawes, MJ; Andersson, S",2001,Prkye et al 2001 - 4,Euplectes ardens,"Mondi Mountain Home Estate in eastern KwaZulu-Natal, South Africa",vertebrate,small yellow,average orange,large red,collar area,carotenoid,N/A,uncontrolled,Obs,Covariate,Weight and length,mature,males,field,year round,Plastic,Direct,number of interactions,43,r,NA,NA,NA,0.001,-0.65,NA,NA,NA,NA,NA,NA,NA,NA,NA,NA
42,"Dale, S; Slagsvold, T",1996,Dale and Slagsvold 1996,Ficedula hypoleuca,"Oslo, Norway",vertebrate,dull,,bright,body,melanocortin,eumelanin,uncontrolled,Exp,uncontrolled,None measured,mature,both,field,breeding,Plastic,Direct,response time,15,t,2.61,14,NA,0.005,NA,NA,NA,NA,NA,NA,NA,NA,NA,NA,NA
43,"HUHTA, E; ALATALO, RV",1993,Huhta and Alatalo 1993 - 1,Ficedula hypoleuca,"Konnevesi Research Station, Jyvaskyla, Finland",vertebrate,light brown,,brown,body,melanocortin,eumelanin,dummy used,Exp,uncontrolled,Length,mature,males,field,year round,Plastic,Indirect,score,36,r,NA,NA,NA,0.1,0.21,NA,NA,NA,NA,NA,NA,NA,NA,NA,NA
44,"HUHTA, E; ALATALO, RV",1993,Huhta and Alatalo 1993 - 2,Ficedula hypoleuca,"Konnevesi Research Station, Jyvaskyla, Finland",vertebrate,light brown,,brown,body,melanocortin,eumelanin,dummy used,Exp,uncontrolled,Length,juvenile,males,field,year round,Plastic,Indirect,score,31,r,NA,NA,NA,0.1,-0.15,NA,NA,NA,NA,NA,NA,NA,NA,NA,NA
43,"HUHTA, E; ALATALO, RV",1993,Huhta and Alatalo 1993 - 3,Ficedula hypoleuca,"Konnevesi Research Station, Jyvaskyla, Finland",vertebrate,light brown,,brown,body,melanocortin,eumelanin,dummy used,Exp,uncontrolled,Length,mature,males,field,year round,Plastic,Indirect,distance,41,r,NA,NA,NA,0.1,-0.11,NA,NA,NA,NA,NA,NA,NA,NA,NA,NA
44,"HUHTA, E; ALATALO, RV",1993,Huhta and Alatalo 1993 - 4,Ficedula hypoleuca,"Konnevesi Research Station, Jyvaskyla, Finland",vertebrate,light brown,,brown,body,melanocortin,eumelanin,dummy used,Exp,uncontrolled,Length,mature,males,field,year round,Plastic,Direct,attacks,41,r,NA,NA,NA,0.1,0.14,NA,NA,NA,NA,NA,NA,NA,NA,NA,NA
43,"HUHTA, E; ALATALO, RV",1993,Huhta and Alatalo 1993 - 5,Ficedula hypoleuca,"Konnevesi Research Station, Jyvaskyla, Finland",vertebrate,light brown,,brown,body,melanocortin,eumelanin,dummy used,Exp,uncontrolled,Length,juvenile,males,field,year round,Plastic,Indirect,distance,33,r,NA,NA,NA,0.1,0.1,NA,NA,NA,NA,NA,NA,NA,NA,NA,NA
44,"HUHTA, E; ALATALO, RV",1993,Huhta and Alatalo 1993 - 6,Ficedula hypoleuca,"Konnevesi Research Station, Jyvaskyla, Finland",vertebrate,light brown,,brown,body,melanocortin,eumelanin,dummy used,Exp,uncontrolled,Length,juvenile,males,field,year round,Plastic,Direct,attacks,33,r,NA,NA,NA,0.1,-0.29,NA,NA,NA,NA,NA,NA,NA,NA,NA,NA
45,"Karlsson, AC; Mormede, P; Kerje, S; Jensen, P",2011,Karlsson et al 2011 - 1,Gallus gallus domesticus,Sweden,vertebrate,white,,wild type,body,melanocortin,eumelanin,isolated and mirror,Exp,NS,Weight,juvenile,females,domestic,year round,No,Direct,% of obs,23,mean,NA,NA,NA,NA,NA,9,2.2,NA,0.5,1.5,14,1.1,NA,0.3,1.1225
46,"Karlsson, AC; Mormede, P; Kerje, S; Jensen, P",2011,Karlsson et al 2011 - 2,Gallus gallus domesticus,Sweden,vertebrate,white,,wild type,body,melanocortin,eumelanin,isolated and mirror,Exp,NS,Weight,juvenile,males,domestic,year round,No,Direct,% of obs,22,mean,NA,NA,NA,NA,NA,6,2,NA,0.7,1.715,16,3.6,NA,0.6,2.4
47,"Karlsson, AC; Mormede, P; Kerje, S; Jensen, P",2011,Karlsson et al 2011 - 3,Gallus gallus domesticus,Sweden,vertebrate,white,,wild type,body,melanocortin,eumelanin,isolated and mirror,Exp,NS,Weight,mature,females,domestic,year round,No,Direct,% of obs,23,mean,NA,NA,NA,NA,NA,9,1.5,NA,0.6,1.8,14,2,NA,0.7,2.6192
48,"Karlsson, AC; Mormede, P; Kerje, S; Jensen, P",2011,Karlsson et al 2011 - 4,Gallus gallus domesticus,Sweden,vertebrate,white,,wild type,body,melanocortin,eumelanin,isolated and mirror,Exp,NS,Weight,mature,males,domestic,year round,No,Direct,% of obs,22,mean,NA,NA,NA,NA,NA,6,0,NA,0,0,16,6.2,NA,2,8
,"Nie, CS; Ban, LP; Ning, ZH; Qu, LJ",2019,Nie et al 2019 - 1,Gallus gallus domesticus,"Hehei Dawu Co., Ltd, Beijing, China",vertebrate,white,,red,body,melanocortin,eumelanin,uncontrolled,Obs,NS,Weight,mature,females,domestic,year round,No,Direct,chase and attack,10,mean,NA,NA,NA,,NA,5,40.6,NA,NA,6.8,5,24.8,NA,NA,45.57
,"Nie, CS; Ban, LP; Ning, ZH; Qu, LJ",2019,Nie et al 2019 - 2,Gallus gallus domesticus,"Hehei Dawu Co., Ltd, Beijing, China",vertebrate,white,,red,body,melanocortin,eumelanin,uncontrolled,Obs,NS,Weight,mature,females,domestic,year round,No,Direct,peak and threat,10,mean,NA,NA,NA,,NA,5,236.6,NA,NA,33.49,5,158.4,NA,NA,45.54
51,"O'Connor, EA; Saunders, JE; Grist, H; McLeman, MA; Wathes, CM; Abeyesinghe, SM",2011,O'Connor et al 2011 - 1,Gallus gallus domesticus,"Noble Foods Ltd., Blisthorpe, UK",vertebrate,small,,large,comb,melanocortin,eumelanin,uncontrolled,Obs,"Covariate (F1,111 = 0.01, P = 0.91)",Weight and comb size,mature,females,domestic,year round,No,Indirect,dominance score and area,120,F,13.68,1,110,0.001,NA,NA,NA,NA,NA,NA,NA,NA,NA,NA,NA
51,"O'Connor, EA; Saunders, JE; Grist, H; McLeman, MA; Wathes, CM; Abeyesinghe, SM",2011,O'Connor et al 2011 - 2,Gallus gallus domesticus,"Noble Foods Ltd., Blisthorpe, UK",vertebrate,small,,large,comb,melanocortin,eumelanin,uncontrolled,Obs,"Covariate (F1,111 = 0.01, P = 0.91)",Weight and comb size,mature,females,domestic,year round,No,Indirect,dominance score and luminance,120,F,2.75,1,100,0.1,NA,NA,NA,NA,NA,NA,NA,NA,NA,NA,NA
52,"Horth, L",2003,Horth 2003,Gambusia holbrooki,"Wakulla County, FL, USA",vertebrate,silver,,black,body,melanocortin,eumelanin,uncontrolled,Exp,"NS (t9 = 0.297, p=0.773)",Length,mature,males,captivity,year round,No,Direct,time,8,t,2.74,7,NA,0.029,NA,NA,NA,NA,NA,NA,NA,NA,NA,NA,NA
53,"Baube, CL",1997,Baube 1997,Gasterosteus aculeatus,"Long Island, New York, USA",vertebrate,dull red,,bright red,body,carotenoid,N/A,isolated,Exp,Size matched,Weight per length,mature,males,lab,breeding,Plastic,Direct,latency seconds,170,X2,10.741,1,NA,0.001,NA,NA,NA,NA,NA,NA,NA,NA,NA,NA,NA
54,"Tinghitella, RM; Lehto, WR; Minter, R",2015,Tinghitella et al 2015 - 1,Gasterosteus aculeatus,"Washington, USA",vertebrate,red,,black,body,melanocortin,eumelanin,uncontrolled,Exp,"Covariate (t = 2.54, P = 0.017 N =33 males, = 4.92, P <0.001, N = 27 females)",Length,mature,males,captivity,year round,No,Direct,number of behaviors,10,F,25.55,1,9.6,0.001,NA,NA,NA,NA,NA,NA,NA,NA,NA,NA,NA
55,"Tinghitella, RM; Lehto, WR; Minter, R",2015,Tinghitella et al 2015 - 2,Gasterosteus aculeatus,"Washington, USA",vertebrate,red,,black,body,melanocortin,eumelanin,uncontrolled,Exp,"Covariate (t = 2.54, P = 0.017 N =33 males, = 4.92, P <0.001, N = 27 females)",Length,mature,females,captivity,year round,No,Direct,number of behaviors,6,F,5.06,1,4.8,0.077,NA,NA,NA,NA,NA,NA,NA,NA,NA,NA,NA
56,"Tinghitella, RM; Lehto, WR; Lierheimer, VF",2018,Tinghitella et al 2018 - 1,Gasterosteus aculeatus,"Washington, USA",vertebrate,red,,black,body,melanocortin,eumelanin,uncontrolled,Exp,Size matched,Weight and length,mature,males,captivity,year round,No,Direct,"approach, bite, chase",20,X2,2.18,2,NA,0.34,NA,NA,NA,NA,NA,NA,NA,NA,NA,NA,NA
57,"Tinghitella, RM; Lehto, WR; Lierheimer, VF",2018,Tinghitella et al 2018 - 2,Gasterosteus aculeatus,"Washington, USA",vertebrate,red,,black,body,melanocortin,eumelanin,uncontrolled,Exp,Size matched,Weight and length,mature,males,captivity,year round,No,Indirect,wins,20,X2,0.46,1,NA,0.5,NA,NA,NA,NA,NA,NA,NA,NA,NA,NA,NA
58,"Yong, L; Woodall, BE; Pierotti, MER; McKinnon, JS",2015,Yong et al 2015 - 1,Gasterosteus aculeatus,"Little Campbell River, British Columbia, Canada",vertebrate,no red,,red,throat,carotenoid,N/A,isolated 24 hr prior,Exp,Size matched,length,mature,females,captivity,breeding,Plastic,Direct,bite rate,40,F,0.25,1,39,>0.05,NA,NA,NA,NA,NA,NA,NA,NA,NA,NA,NA
59,"Yong, L; Woodall, BE; Pierotti, MER; McKinnon, JS",2015,Yong et al 2015 - 2,Gasterosteus aculeatus,"Little Campbell River, British Columbia, Canada",vertebrate,no red,,red,throat,carotenoid,N/A,isolated 24 hr prior,Exp,Size matched,length,mature,females,captivity,breeding,Plastic,Direct,lunge,40,F,1.46,1,39,>0.05,NA,NA,NA,NA,NA,NA,NA,NA,NA,NA,NA
60,"Yong, L; Woodall, BE; Pierotti, MER; McKinnon, JS",2015,Yong et al 2015 - 3,Gasterosteus aculeatus,"Little Campbell River, British Columbia, Canada",vertebrate,no red,,red,throat,carotenoid,N/A,isolated 24 hr prior,Exp,Size matched,length,mature,females,captivity,breeding,Plastic,Direct,chase,40,F,0.02,1,39,>0.05,NA,NA,NA,NA,NA,NA,NA,NA,NA,NA,NA
61,"Yong, LX; Lee, B; Mckinnon, JS",2018,Yong et al 2018 - 1,Gasterosteus aculeatus,"Little Campbell River, BC, Canada and Matadero Creek, CA, USA",vertebrate,less red,,more red,throat,carotenoid,N/A,uncontrolled,Exp,Size matched,length,mature,females,captivity,breeding,Plastic,Indirect,bite rate,43,F,0.127,1,38,0.127,NA,NA,NA,NA,NA,NA,NA,NA,NA,NA,NA
62,"Yong, LX; Lee, B; Mckinnon, JS",2018,Yong et al 2018 - 2,Gasterosteus aculeatus,"Little Campbell River, BC, Canada and Matadero Creek, CA, USA",vertebrate,less red,,more red,spine,carotenoid,N/A,uncontrolled,Exp,Size matched,length,mature,females,captivity,breeding,Plastic,Indirect,bite rate,43,F,0.039,1,38,0.84,NA,NA,NA,NA,NA,NA,NA,NA,NA,NA,NA
63,"McGraw, KJ; Medina-Jerez, W; Adams, H",2007,McGraw et al 2007,Haemorhous mexicanus,"Tempe, AZ, USA",vertebrate,light red,,bright red,ventral,carotenoid,N/A,new individuals,Exp,NS,Weight and length,mature,males,captivity,non-breeding,No,Indirect,encounters won,16,t,-1.72,15,NA,0.09,NA,NA,NA,NA,NA,NA,NA,NA,NA,NA,NA
65,"Dijkstra, PD; van Dijk, S; Groothuis, TGG; Pierotti, MER; Seehausen, O",2009,Dijkstra et al 2009b,Haplochromis omnicaeruleus,"Makobe Island, Tanzania",vertebrate,plain,orange blotched,black/white blothced,body,melanocortin,eumelanin,isolated,Exp,Size matched,weight,mature,females,lab,year round,No,Indirect,rank,12,X2,9.5,2,NA,0.009,NA,NA,NA,NA,NA,NA,NA,NA,NA,NA,NA
64,"Dijkstra, PD; Hemelrijk, C; Seehausen, O; Groothuis, TGG",2009,Dijkstra et al 2009a,Haplochromis paludinosus,"Kissenda Island, Lake Victoria, Tanzania",vertebrate,red,,blue,body,unknown,N/A,isolated,Exp,Size matched,weight,mature,males,field,year round,No,Direct,attacks,24,F,8.378,1,12,0.007,NA,NA,NA,NA,NA,NA,NA,NA,NA,NA,NA
66,"Vercken, E; Clobert, J",2008,Vercken and Clobert 2008 - 1,Lacerta vivipara,"Mont Lozère, France",vertebrate,orange,mixed,yellow,ventral,carotenoid,N/A,isolated,Exp,Covariate,Weight and length,mature,females,captivity,year round,Plastic,Direct,scratching time,238,F,0.16,1,233,0.68,NA,NA,NA,NA,NA,NA,NA,NA,NA,NA,NA
67,"Vercken, E; Clobert, J",2008,Vercken and Clobert 2008 - 2,Lacerta vivipara,"Mont Lozère, France",vertebrate,orange,mixed,yellow,ventral,carotenoid,N/A,isolated,Exp,Covariate,Weight and length,mature,females,captivity,year round,Plastic,Direct,bite attempts,238,X2,3.95,2,NA,0.14,NA,NA,NA,NA,NA,NA,NA,NA,NA,NA,NA
68,"Vercken, E; Clobert, J",2008,Vercken and Clobert 2008 - 3,Lacerta vivipara,"Mont Lozère, France",vertebrate,orange,mixed,yellow,ventral,carotenoid,N/A,isolated,Exp,Covariate,Weight and length,mature,females,captivity,year round,Plastic,Direct,flee attempts,231,X2,16.18,1,NA,0.0001,NA,NA,NA,NA,NA,NA,NA,NA,NA,NA,NA
70,"Leitao, AV; Hall, ML; Delhey, K; Mulder, RA",2019,Leitao et al. 2019 - 1,Malurus amabilis,"Cairns, North Queensland, Australia",vertebrate,less blue,,more blue,cheek,structural,N/A,mirror,Exp,Covariate,Length,mature,both,captivity,breeding,No,Indirect,score (attacks + displays),64,t,-2.76,35.6,NA,0.01,NA,NA,NA,NA,NA,NA,NA,NA,NA,NA,NA
71,"Leitao, AV; Hall, ML; Delhey, K; Mulder, RA",2019,Leitao et al. 2019 - 2,Malurus amabilis,"Cairns, North Queensland, Australia",vertebrate,grey,,blue,cheek,structural,N/A,mirror,Exp,Covariate,Length,mature,both,captivity,breeding,No,Indirect,score,64,t,0.34,59.91,NA,0.93,NA,NA,NA,NA,NA,NA,NA,NA,NA,NA,NA
72,"Leitao, AV; Hall, ML; Delhey, K; Mulder, RA",2019,Leitao et al. 2019 - 3,Malurus amabilis,"Cairns, North Queensland, Australia",vertebrate,blender,,blue,cheek,structural,N/A,mirror,Exp,Covariate,Length,mature,both,captivity,breeding,No,Indirect,score,64,t,-2.47,59.62,NA,0.04,NA,NA,NA,NA,NA,NA,NA,NA,NA,NA,NA
73,"Leitao, AV; Hall, ML; Delhey, K; Mulder, RA",2019,Leitao et al. 2019 - 4,Malurus amabilis,"Cairns, North Queensland, Australia",vertebrate,blender,,grey,cheek,structural,N/A,mirror,Exp,Covariate,Length,mature,both,captivity,breeding,No,Indirect,score,64,t,-2.29,60,NA,0.06,NA,NA,NA,NA,NA,NA,NA,NA,NA,NA,NA
74,"Barron, DG; Webster, MS; Schwabl, H",2015,Barron et al 2015,Malurus melanocephalus,"Herberton, Queensland, Australia",vertebrate,auk,brown,red/black,body,carotenoid,N/A,dummy used,Exp,Size matched,Length,mature,males,field,breeding,No,Indirect,territorality PC,48,F,3.18,1,44,0.05,NA,NA,NA,NA,NA,NA,NA,NA,NA,NA,NA
75,"McDonald, DB; Clay, RP; Brumfield, RT; Braun, MJ",2001,McDonald et al 2001 - 1,Manacus candei,"Bocas del Toro, Panama and Soberania National Park, Gamboa, Panama",vertebrate,white,,golden,collar and belly,carotenoid,N/A,dummy used,Exp,uncontrolled,None measured,mature,males,field,breeding,No,Direct,attack,34,mean,NA,NA,NA,,NA,17,5.9,NA,NA,16.6,17,23.5,NA,NA,31.2
76,"McDonald, DB; Clay, RP; Brumfield, RT; Braun, MJ",2001,McDonald et al 2001 - 2,Manacus vitellinus,"Bocas del Toro, Panama and Soberania National Park, Gamboa, Panama",vertebrate,white,lemon,,collar and belly,carotenoid,N/A,dummy used,Exp,uncontrolled,None measured,mature,males,field,breeding,No,Direct,attack,34,mean,NA,NA,NA,,NA,17,5.9,NA,NA,16.6,17,26.5,NA,NA,35.9
77,"McDonald, DB; Clay, RP; Brumfield, RT; Braun, MJ",2001,McDonald et al 2001 - 3,Manacus vitellinus,"Bocas del Toro, Panama and Soberania National Park, Gamboa, Panama",vertebrate,,lemon,golden,collar and belly,carotenoid,N/A,dummy used,Exp,uncontrolled,None measured,mature,males,field,breeding,No,Indirect,calls,34,mean,NA,NA,NA,,NA,17,383.1,NA,NA,151.5,17,195.9,NA,NA,80.2
78,"McDonald, DB; Clay, RP; Brumfield, RT; Braun, MJ",2001,McDonald et al 2001 - 4,Manacus vitellinus,"Bocas del Toro, Panama and Soberania National Park, Gamboa, Panama",vertebrate,white,lemon,,collar and belly,carotenoid,N/A,dummy used,Exp,uncontrolled,None measured,mature,males,field,breeding,No,Indirect,calls,34,mean,NA,NA,NA,,NA,17,199.8,NA,NA,111.2,17,383.1,NA,NA,151.5
79,"Beck, ML; Davies, S; Sewall, KB",2018,Beck et al 2018 - 1,Melospiza melodia,"Montgomery County, Virginia, USA",vertebrate,light brown,,dark brown,body,melanocortin,eumelanin,speaker only,Exp,Covariate,Scaled mass index,mature,males,field,breeding,No,Indirect,PC x darkness,67,F,0.286,1,30,0.597,NA,NA,NA,NA,NA,NA,NA,NA,NA,NA,NA
79,"Beck, ML; Davies, S; Sewall, KB",2018,Beck et al 2018 - 2,Melospiza melodia,"Montgomery County, Virginia, USA",vertebrate,light brown,,dark brown,body,melanocortin,eumelanin,speaker only,Exp,Covariate,Scaled mass index,mature,males,field,breeding,No,Indirect,PC x area,67,F,0.592,1,30,0.401,NA,NA,NA,NA,NA,NA,NA,NA,NA,NA,NA
80,"Hooper, RE; Plaistow, SJ; Tsubaki, Y",2006,Hooper et al 2006,Mnais costalis,"Gozenyama, Ibaraki Prefecture, Japan",invertebrate,clear,,orange,wings,carotenoid,N/A,dummy used,Exp,uncontrolled,Length,mature,males,field,year round,Plastic,Direct,time,56,F,8.11,1,55,0.006,NA,NA,NA,NA,NA,NA,NA,NA,NA,NA,NA
81,"Carola, V; Perlas, E; Zonfrillo, F; Soini, HA; Novotny, MV; Gross, CT",2014,Carola et al 2014,Mus musculus,"Jackson Laboratory, Bar Harbor ME",vertebrate,non-agouti,,agouti,body,melanocortin ,pheomelanin,new individuals,Exp,uncontrolled,None measured,mature,both,domestic,year round,No,Direct,number of attacks,20,F,-5.4,1,18,0.032,NA,NA,NA,NA,NA,NA,NA,NA,NA,NA,NA
82,"Franklin, AM; Donatelli, CM; Culligan, CR; Tytell, ED",2019,Franklin et al 2019,Neogonodactylus oerstedii,Local Suppliers,invertebrate,light meral spots,,dark meral spots,legs,carotenoid,N/A,isolated,Exp,Covariate,Length,mature,both,lab,year round,No,Indirect,strike force,18,X2,5.44,1,NA,0.02,NA,NA,NA,NA,NA,NA,NA,NA,NA,NA,NA
83,"Balzarini, V; Taborsky, M; Villa, F; Frommen, JG",2017,Balzarini et al 2017 - 1,Neolamprologus pulcher,"Lake Tanaganyika, Tanzania",vertebrate,no stripes,light stripes,dark stripes,body,melanocortin,eumelanin,video - housed together,Exp,"NS (F= 1.4, p=0.248 and controlled in stats)",Length,mature,both,captivity,year round,No,Direct,overt acts,28,X2,6.84,2,NA,0.009,NA,NA,NA,NA,NA,NA,NA,NA,NA,NA,NA
83,"Balzarini, V; Taborsky, M; Villa, F; Frommen, JG",2017,Balzarini et al 2017 - 2,Neolamprologus pulcher,"Lake Tanaganyika, Tanzania",vertebrate,no stripes,light stripes,dark stripes,body,melanocortin,eumelanin,video - housed together,Exp,"NS (F= 1.4, p=0.248 and controlled in stats)",Length,mature,both,captivity,year round,No,Direct,restrained acts,28,X2,0.061,2,NA,0.805,NA,NA,NA,NA,NA,NA,NA,NA,NA,NA,NA
84,"Crothers, LR; Cummings, ME",2015,Crothers and Cummings 2015,Oophaga pumilio,"Isla Solarte, Bocas del Toro, Panama",vertebrate,light red,,bright red,body,carotenoid,N/A,uncontrolled,Exp,Size matched,Length,mature,males,field,year round,No,Indirect,call latency (sec),21,X2,4.26,1,NA,0.039,NA,NA,NA,NA,NA,NA,NA,NA,NA,NA,NA
85,"Crothers, L; Gering, E; Cummings, M",2011,Crothers et al 2011,Oophaga pumilio,"Isla Solarte, Bocas del Toro, Panama",vertebrate,dull,,bright,dorsal,carotenoid,N/A,isolated,Exp,Covariate,Weight and length,mature,males,captivity,year round,No,Indirect,approach,75,F,5.9355,1,74,0.018,NA,NA,NA,NA,NA,NA,NA,NA,NA,NA,NA
86,"Rudh, A; Breed, MF; Qvarnstrom, A",2013,Rudh et al 2013,Oophaga pumilio,"Bocas del Toro, Panama",vertebrate,green,,red,body,carotenoid,N/A,mirror,Exp,uncontrolled,None measured,mature,males,field,year round,No,Indirect,score,70,mean,NA,NA,NA,,NA,35,0.438,NA,0.225,1.331117951,35,0.745,NA,0.052,0.307636149
87,"Yang, Y; Dugas, MB; Sudekum, HJ; Murphy, SN; Richards-Zawacki, CL",2018,Yang et al 2018 - 1,Oophaga pumilio,"Isla San Cristobal, Ecuador and Aguacate Peninsula, Panama",vertebrate,red,intermediate,blue,body,carotenoid,N/A,dummy used,Exp,NS,Length,mature,males,field,year round,No,Indirect,track high red,140,X2,2.1,2,NA,0.351,NA,NA,NA,NA,NA,NA,NA,NA,NA,NA,NA
88,"Yang, Y; Dugas, MB; Sudekum, HJ; Murphy, SN; Richards-Zawacki, CL",2018,Yang et al 2018 - 2,Oophaga pumilio,"Isla San Cristobal, Ecuador and Aguacate Peninsula, Panama",vertebrate,red,intermediate,blue,body,carotenoid,N/A,dummy used,Exp,NS,Length,mature,males,field,year round,No,Indirect,track high blue,139,X2,4.25,2,NA,0.119,NA,NA,NA,NA,NA,NA,NA,NA,NA,NA,NA
89,"Yang, Y; Dugas, MB; Sudekum, HJ; Murphy, SN; Richards-Zawacki, CL",2018,Yang et al 2018 - 3,Oophaga pumilio,"Isla San Cristobal, Ecuador and Aguacate Peninsula, Panama",vertebrate,red,intermediate,blue,body,carotenoid,N/A,dummy used,Exp,NS,Length,mature,males,field,year round,No,Indirect,approach high red,140,X2,2.77,2,NA,0.25,NA,NA,NA,NA,NA,NA,NA,NA,NA,NA,NA
90,"Yang, Y; Dugas, MB; Sudekum, HJ; Murphy, SN; Richards-Zawacki, CL",2018,Yang et al 2018 - 4,Oophaga pumilio,"Isla San Cristobal, Ecuador and Aguacate Peninsula, Panama",vertebrate,red,intermediate,blue,body,carotenoid,N/A,dummy used,Exp,NS,Length,mature,males,field,year round,No,Indirect,approach high blue,139,X2,1.77,2,NA,0.412,NA,NA,NA,NA,NA,NA,NA,NA,NA,NA,NA
91,"Yang, Y; Dugas, MB; Sudekum, HJ; Murphy, SN; Richards-Zawacki, CL",2018,Yang et al 2018 - 5,Oophaga pumilio,"Isla San Cristobal, Ecuador and Aguacate Peninsula, Panama",vertebrate,red,intermediate,blue,body,carotenoid,N/A,dummy used,Exp,NS,Length,mature,males,field,year round,No,Indirect,call high red,140,X2,4.16,2,NA,0.125,NA,NA,NA,NA,NA,NA,NA,NA,NA,NA,NA
92,"Yang, Y; Dugas, MB; Sudekum, HJ; Murphy, SN; Richards-Zawacki, CL",2018,Yang et al 2018 - 6,Oophaga pumilio,"Isla San Cristobal, Ecuador and Aguacate Peninsula, Panama",vertebrate,red,intermediate,blue,body,carotenoid,N/A,dummy used,Exp,NS,Length,mature,males,field,year round,No,Indirect,call high blue,139,X2,0.61,2,NA,0.736,NA,NA,NA,NA,NA,NA,NA,NA,NA,NA,NA
93,"Yang, Y; Dugas, MB; Sudekum, HJ; Murphy, SN; Richards-Zawacki, CL",2018,Yang et al 2018 - 7,Oophaga pumilio,"Isla San Cristobal, Ecuador and Aguacate Peninsula, Panama",vertebrate,red,intermediate,blue,body,carotenoid,N/A,dummy used,Exp,NS,Length,mature,males,field,year round,No,Indirect,challenge high red,140,X2,2.33,2,NA,0.312,NA,NA,NA,NA,NA,NA,NA,NA,NA,NA,NA
94,"Yang, Y; Dugas, MB; Sudekum, HJ; Murphy, SN; Richards-Zawacki, CL",2018,Yang et al 2018 - 8,Oophaga pumilio,"Isla San Cristobal, Ecuador and Aguacate Peninsula, Panama",vertebrate,red,intermediate,blue,body,carotenoid,N/A,dummy used,Exp,NS,Length,mature,males,field,year round,No,Indirect,challenge high blue,139,X2,3.16,2,NA,0.205,NA,NA,NA,NA,NA,NA,NA,NA,NA,NA,NA
95,"Rodriguez-Barreto, D; Rey, O; Uren-Webster, TM; Castaldo, G; Consuegra, S; de Leaniz, CG",2019,Rodriguez-Barreto et al 2019,Oreochromis niloticus,"Local Supplier, Fishgen Ltd",vertebrate,lighter,,darker,body,carotenoid,N/A,mirror,Exp,uncontrolled,Density in rearing tank,mature,both,lab,year round,Plastic,Direct,number of interactions,120,mean,NA,NA,NA,,NA,60,28.63,NA,5.93,45.93358249,60,7.11,NA,2.09,16.18907039
96,"Moore, MP; Martin, RA",2016,Moore and Martin 2016,Pachydiplax longipennis,"Case Western Reserve University's Squire Valleevue Farm, Hunting Valley, OH, USA",invertebrate,less black,,more black,wing tips,melanocortin,eumelanin,uncontrolled,Obs,"NS (r = -0.09, t114 = -0.96, p = 0.339)",Length,mature,males,field,year round,No,Direct,contests won,155,X2,6.5,1,NA,0.011,NA,NA,NA,NA,NA,NA,NA,NA,NA,NA,NA
97,"McGraw, KJ; Dale, J; Mackillop, EA",2003,McGraw et al 2003,Passer domesticus,"Tompkins County, NY, USA",vertebrate,small size,,large size,body,melanocortin,eumelanin,uncontrolled,Exp,Covariate,Weight and length,mature,males,captivity,non-breeding,No,Indirect,rankinteraction rate,42,F,4.05,1,42,0.05,NA,NA,NA,NA,NA,NA,NA,NA,NA,NA,NA
98,"Seaver, CMS; Hurd, PL",2017,Seaver and Hurd 2017 - 1,Pelvicachromis pulcher,Local Suppliers,vertebrate,yellow,,red,ventral,unknown,N/A,isolated and mirror,Exp,uncontrolled,None measured,mature,males,lab,year round,No,Direct,number of charges,85,mean,NA,NA,NA,,NA,70,6.703,NA,NA,1.058,15,9.937,NA,NA,3.293
99,"Seaver, CMS; Hurd, PL",2017,Seaver and Hurd 2017 - 2,Pelvicachromis pulcher,Local Suppliers,vertebrate,yellow,,red,ventral,unknown,N/A,isolated and mirror,Exp,uncontrolled,None measured,mature,males,lab,year round,No,Direct,number of lateral displays,85,mean,NA,NA,NA,,NA,70,3.468,NA,NA,0.803,15,1.783,NA,NA,0.431
100,"Seaver, CMS; Hurd, PL",2017,Seaver and Hurd 2017 - 3,Pelvicachromis pulcher,Local Suppliers,vertebrate,yellow,,red,ventral,unknown,N/A,isolated and mirror,Exp,uncontrolled,None measured,mature,males,lab,year round,No,Direct,number of tail beats,85,mean,NA,NA,NA,,NA,70,4.645,NA,NA,0.941,15,9.761,NA,NA,3.47
101,"Seaver, CMS; Hurd, PL",2017,Seaver and Hurd 2017 - 4,Pelvicachromis pulcher,Local Suppliers,vertebrate,yellow,,red,ventral,unknown,N/A,isolated and mirror,Exp,uncontrolled,None measured,mature,males,lab,year round,No,Direct,number of bites,85,mean,NA,NA,NA,,NA,70,325.038,NA,NA,42.573,15,457.507,NA,NA,135.023
102,"Rose, P; Soole, L",2020,Rose and Soole 2020,Phoenicoparrus minor,"Wildfowl & Wetlands Trust (WWT) Slimbridge Wetland Centre, Slimbridge, UK",vertebrate,white,,pink,body,carotenoid,N/A,uncontrolled,Obs,uncontrolled,None measured,mature,both,captivity,year round,Plastic,Direct,seconds,45,F,6.45,4,40,0.00004,0.33,NA,NA,NA,NA,NA,NA,NA,NA,NA,NA
103,"BRACE, RC",1981,Brace 1981 - 1,Phymactis clematis,"Montemar Beach, Vina del Mar, Chile",invertebrate,green,,red,ventral,unknown,N/A,new individuals,Exp,NS,weight diff and weight ratio,mature,both,captivity,year round,No,Direct,first aggressor,29,X2,4.17,1,NA,0.05,NA,NA,NA,NA,NA,NA,NA,NA,NA,NA,NA
104,"BRACE, RC",1981,Brace 1981 - 2,Phymactis clematis,"Montemar Beach, Vina del Mar, Chile",invertebrate,green,,red,ventral,unknown,N/A,new individuals,Exp,NS,weight diff and weight ratio,mature,both,captivity,year round,No,Direct,first attacker,18,X2,0.22,1,NA,NS,NA,NA,NA,NA,NA,NA,NA,NA,NA,NA,NA
105,"BRACE, RC",1981,Brace 1981 - 3,Phymactis clematis,"Montemar Beach, Vina del Mar, Chile",invertebrate,green,,red,ventral,unknown,N/A,new individuals,Exp,NS,weight diff and weight ratio,mature,both,captivity,year round,No,Direct,winner,14,X2,2.57,1,NA,NS,NA,NA,NA,NA,NA,NA,NA,NA,NA,NA,NA
106,"Reiter, MK; Anthony, CD; Hickerson, CAM",2014,Reiter et al 2014,Plethodon cinereus,"Cayuahoga Valley National Park, Summit CO. Ohio, USA",vertebrate,unstriped black,,striped red,dorsal,carotenoid,N/A,isolated,Exp,Size matched,Length,mature,males,captivity,year round,No,Indirect,score,60,t,2.51,29,NA,0.012,NA,NA,NA,NA,NA,NA,NA,NA,NA,NA,NA
107,"Titone, V; Marsiglia, F; Mangiacotti, M; Sacchi, R; Scali, S; Zuffi, MAL",2018,Titone et al 2018,Podarcis siculus,"Pisa, Italy",vertebrate,white,,green,ventral,unknown,N/A,isolated,Exp,"NS (mass t = 0.121, d.f. = 96, P = 0.904, length t = 0.182, d.f. = 96, P = 0.856)",Weight and length,mature,males,captivity,year round,No,Indirect,score,30,F,0.317,1,29,0.58,NA,NA,NA,NA,NA,NA,NA,NA,NA,NA,NA
108,"MARTIN, FD; HENGSTEBECK, MF",1981,Martin and Hengstebeck 1981 - 1,Poecilia reticulata,Local Suppliers and Puerto Rico,vertebrate,light,intermediate,dark,eyes,unknown,N/A,uncontrolled,Obs,uncontrolled,None measured,juvenile,both,captivity,changing,Plastic,Direct,aggressive encounters,74,F,3.8,2,17,0.005,NA,NA,NA,NA,NA,NA,NA,NA,NA,NA,NA
109,"MARTIN, FD; HENGSTEBECK, MF",1981,Martin and Hengstebeck 1981 - 2,Poecilia reticulata,Local Suppliers and Puerto Rico,vertebrate,light,,dark,eyes,unknown,N/A,uncontrolled,Obs,uncontrolled,None measured,juvenile,both,captivity,changing,Plastic,Direct,mutual display,33,X2,21.3,6,NA,0.01,NA,NA,NA,NA,NA,NA,NA,NA,NA,NA,NA
110,"MARTIN, FD; HENGSTEBECK, MF",1981,Martin and Hengstebeck 1981 - 3,Poecilia reticulata,Local Suppliers and Puerto Rico,vertebrate,light,,dark,eyes,unknown,N/A,uncontrolled,Obs,uncontrolled,None measured,juvenile,both,captivity,changing,Plastic,Direct,display,12,X2,21.3,6,NA,0.01,NA,NA,NA,NA,NA,NA,NA,NA,NA,NA,NA
111,"MARTIN, FD; HENGSTEBECK, MF",1981,Martin and Hengstebeck 1981 - 4,Poecilia reticulata,Local Suppliers and Puerto Rico,vertebrate,light,,dark,eyes,unknown,N/A,uncontrolled,Obs,uncontrolled,None measured,juvenile,both,captivity,changing,Plastic,Direct,chase,61,X2,21.3,6,NA,0.01,NA,NA,NA,NA,NA,NA,NA,NA,NA,NA,NA
112,"MARTIN, FD; HENGSTEBECK, MF",1981,Martin and Hengstebeck 1981 - 5,Poecilia reticulata,Local Suppliers and Puerto Rico,vertebrate,light,,dark,eyes,unknown,N/A,uncontrolled,Obs,uncontrolled,None measured,juvenile,both,captivity,changing,Plastic,Direct,nip,64,X2,21.3,6,NA,0.01,NA,NA,NA,NA,NA,NA,NA,NA,NA,NA,NA
113,"MARTIN, FD; HENGSTEBECK, MF",1981,Martin and Hengstebeck 1981 - 6,Poecilia reticulata,Local Suppliers and Puerto Rico,vertebrate,light,,dark,eyes,unknown,N/A,uncontrolled,Obs,uncontrolled,None measured,juvenile,both,captivity,changing,Plastic,Direct,mutual display,27,X2,18.18,6,NA,0.01,NA,NA,NA,NA,NA,NA,NA,NA,NA,NA,NA
114,"MARTIN, FD; HENGSTEBECK, MF",1981,Martin and Hengstebeck 1981 - 7,Poecilia reticulata,Local Suppliers and Puerto Rico,vertebrate,light,,dark,eyes,unknown,N/A,uncontrolled,Obs,uncontrolled,None measured,juvenile,both,captivity,changing,Plastic,Direct,display,11,X2,18.18,6,NA,0.01,NA,NA,NA,NA,NA,NA,NA,NA,NA,NA,NA
115,"MARTIN, FD; HENGSTEBECK, MF",1981,Martin and Hengstebeck 1981 - 8,Poecilia reticulata,Local Suppliers and Puerto Rico,vertebrate,light,,dark,eyes,unknown,N/A,uncontrolled,Obs,uncontrolled,None measured,juvenile,both,captivity,changing,Plastic,Direct,chase,16,X2,18.18,6,NA,0.01,NA,NA,NA,NA,NA,NA,NA,NA,NA,NA,NA
116,"MARTIN, FD; HENGSTEBECK, MF",1981,Martin and Hengstebeck 1981 - 9,Poecilia reticulata,Local Suppliers and Puerto Rico,vertebrate,light,,dark,eyes,unknown,N/A,uncontrolled,Obs,uncontrolled,None measured,juvenile,both,captivity,changing,Plastic,Direct,nip,11,X2,18.18,6,NA,0.01,NA,NA,NA,NA,NA,NA,NA,NA,NA,NA,NA
117,"Petrocelli, I; Ricciardi, G; de Souza, AR; Ermanni, A; Ninu, A; Turillazzi, S",2015,Petrocelli et al 2015,Polistes gallicus,"Peretola airport, Florence, Tuscany, Italy",invertebrate,small black,,large black,head,melanocortin,eumelanin,new individuals,Exp,Size matched,Length,mature,females,captivity,year round,No,Indirect,dominance,42,X2,4.011,1,NA,0.042,NA,NA,NA,NA,NA,NA,NA,NA,NA,NA,NA
118,"Stapley, J",2006,Stapley 2006,Pseudemoia entrecasteauxii,"Namadgi National Park in the Australian Capital, Sdyney, Australia",vertebrate,white,,orange,ventral,carotenoid,N/A,uncontrolled,Exp,"NS (t1,31 = 0.02, p = 0.482)",Weight over length,mature,males,captivity,year round,Plastic,Indirect,score,32,F,22.46,1,31,0.001,NA,NA,NA,NA,NA,NA,NA,NA,NA,NA,NA
119,"O'Connor, KI; Metcalfe, NB; Taylor, AC",1999,O'Connor et al 1999,Salmo salar,"River Almond, Perthshire, UK",vertebrate,light grey,slate grey,dark grey,body,melanocortin,eumelanin,isolated,Exp,Size matched,Weight,mature,both,captivity,year round,No,Indirect,score,33,r,NA,NA,NA,0.19,-0.23,NA,NA,NA,NA,NA,NA,NA,NA,NA,NA
120,"Suter, HC; Huntingford, FA",2002,Suter and Huntingford 2002,Salmo salar,"SOAEFD Hatchery at Almondbank, Perthshire, UK",vertebrate,pale,,dark,eyes,unknown,N/A,uncontrolled,Obs,Size matched,Weight and length,juvenile,both,lab,changing,Plastic,Direct,number of acts,7,t,-2.45,6,NA,0.05,NA,NA,NA,NA,NA,NA,NA,NA,NA,NA,NA
121,"Seddon, RJ; Hews, DK",2016,Seddon and Hews 2016 - 1,Sceloporus occidentalis,"Yosemite National Park, CA, USA",vertebrate,white,,black,ventral,melanocortin,eumelanin,new individuals,Exp,"Covariate (P N 0.18 for PC1, P N 0.34 for PC2)",Weight and length,mature,males,field,year round,No,Direct,chemosensory,30,t,2.08,14,NA,0.047,NA,NA,NA,NA,NA,NA,NA,NA,NA,NA,NA
122,"Seddon, RJ; Hews, DK",2016,Seddon and Hews 2016 - 2,Sceloporus occidentalis,"Yosemite National Park, CA, USA",vertebrate,white,,black,ventral,melanocortin,eumelanin,new individuals,Exp,"Covariate (P N 0.18 for PC1, P N 0.34 for PC2)",Weight and length,mature,males,field,year round,No,Direct,reposition,30,t,3.221,14,NA,0.003,NA,NA,NA,NA,NA,NA,NA,NA,NA,NA,NA
123,"Seddon, RJ; Hews, DK",2016,Seddon and Hews 2016 - 3,Sceloporus occidentalis,"Yosemite National Park, CA, USA",vertebrate,white,,black,ventral,melanocortin,eumelanin,new individuals,Exp,"Covariate (P N 0.18 for PC1, P N 0.34 for PC2)",Weight and length,mature,males,field,year round,No,Direct,head-bob bouts,30,t,2.5,14,NA,0.035,NA,NA,NA,NA,NA,NA,NA,NA,NA,NA,NA
124,"Seddon, RJ; Hews, DK",2016,Seddon and Hews 2016 - 4,Sceloporus occidentalis,"Yosemite National Park, CA, USA",vertebrate,white,,black,ventral,melanocortin,eumelanin,new individuals,Exp,"Covariate (P N 0.18 for PC1, P N 0.34 for PC2)",Weight and length,mature,males,field,year round,No,Direct,fullshow bouts,30,t,2.42,14,NA,0.022,NA,NA,NA,NA,NA,NA,NA,NA,NA,NA,NA
125,"Seddon, RJ; Hews, DK",2016,Seddon and Hews 2016 - 5,Sceloporus occidentalis,"Yosemite National Park, CA, USA",vertebrate,white,,black,ventral,melanocortin,eumelanin,new individuals,Exp,"Covariate (P N 0.18 for PC1, P N 0.34 for PC2)",Weight and length,mature,males,field,year round,No,Direct,charge,30,t,2.213,14,NA,0.035,NA,NA,NA,NA,NA,NA,NA,NA,NA,NA,NA
126,"Seddon, RJ; Hews, DK",2016,Seddon and Hews 2016 - 6,Sceloporus occidentalis,"Yosemite National Park, CA, USA",vertebrate,white,,black,ventral,melanocortin,eumelanin,new individuals,Exp,"Covariate (P N 0.18 for PC1, P N 0.34 for PC2)",Weight and length,mature,males,field,year round,No,Direct,biting,30,t,2.04,14,NA,0.051,NA,NA,NA,NA,NA,NA,NA,NA,NA,NA,NA
127,"Seddon, RJ; Hews, DK",2016,Seddon and Hews 2016 - 7,Sceloporus occidentalis,"Yosemite National Park, CA, USA",vertebrate,white,,black,ventral,melanocortin,eumelanin,new individuals,Exp,"Covariate (P N 0.18 for PC1, P N 0.34 for PC2)",Weight and length,mature,males,field,year round,No,Direct,rate of move toward,30,t,0.42,14,NA,0.681,NA,NA,NA,NA,NA,NA,NA,NA,NA,NA,NA
128,"Seddon, RJ; Hews, DK",2017,Seddon and Hews 2017,Sceloporus occidentalis,"Serria Nevada Mountains, CA, USA",vertebrate,white,,black,chest,melanocortin,eumelanin,new individuals,Exp,Size matched,Length,mature,males,field,year round,No,Indirect,physical contact/retreat (PC),78,F,22.42,1,57,0.001,NA,NA,NA,NA,NA,NA,NA,NA,NA,NA,NA
129,"Robertson, JM; Rosenblum, EB",2010,Robertson and Rosenblum 2010,Sceloporus undulatus,"Jornada Long-Term Ecological Research Station and White Sands National Monument, New Mexico",vertebrate,light,,dark,body,pteridine,N/A,new individual,Exp,Size matched,Length,mature,males,field,year round,No,Direct,seconds,40,mean,NA,NA,NA,,NA,20,27.528,NA,3.964,17.72754693,20,17.913,NA,3.776,16.88678537
130,"Leitao, AV; Ferreira, AC; Funghi, C; Trigo, S; Mota, PG",2015,Leitao et al. 2015 - 1,Serinus serinus,"Coimbra, Portugal",vertebrate,less yellow,,more yellow,head,carotenoid,N/A,new individuals,Exp,Covariate,Weight and length,mature,males,captivity,non-breeding,Plastic,Indirect,score (attacks + displays),28,F,9.977,1,17,0.005,NA,NA,NA,NA,NA,NA,NA,NA,NA,NA,NA
131,"Leitao, AV; Ferreira, AC; Funghi, C; Trigo, S; Mota, PG",2015,Leitao et al. 2015 - 2,Serinus serinus,"Coimbra, Portugal",vertebrate,less yellow,,more yellow,chest,carotenoid,N/A,new individuals,Exp,Covariate,Weight and length,mature,males,captivity,non-breeding,Plastic,Indirect,score (attacks + displays),28,F,0.82,1,17,0.379,NA,NA,NA,NA,NA,NA,NA,NA,NA,NA,NA
132,"Leitao, AV; Ferreira, AC; Funghi, C; Trigo, S; Mota, PG",2015,Leitao et al. 2015 - 3,Serinus serinus,"Coimbra, Portugal",vertebrate,less yellow,,more yellow,throat,carotenoid,N/A,new individuals,Exp,Covariate,Weight and length,mature,males,captivity,non-breeding,Plastic,Indirect,score (attacks + displays),28,F,0.793,1,17,0.385,NA,NA,NA,NA,NA,NA,NA,NA,NA,NA,NA
133,"Leitao, AV; Ferreira, AC; Funghi, C; Trigo, S; Mota, PG",2015,Leitao et al. 2015 - 4,Serinus serinus,"Coimbra, Portugal",vertebrate,less yellow,,more yellow,belly,carotenoid,N/A,new individuals,Exp,Covariate,Weight and length,mature,males,captivity,non-breeding,Plastic,Indirect,score (attacks + displays),28,F,0.001,1,17,0.99,NA,NA,NA,NA,NA,NA,NA,NA,NA,NA,NA
134,"Mafli A, Kazumasa Wakamatsu, Alexandre Roulin",2011,Mafli et al 2011,Testudo hermanni,Local Suppliers,vertebrate,light,,dark,shell,melanocortin,pheomelanin,isolated,Exp,NS,Length,mature,males,captivity,year round,Plastic,Indirect,index,23,r,NA,NA,NA,0.0001,0.69,NA,NA,NA,NA,NA,NA,NA,NA,NA,NA
135,"Bruinje, AC; Coelho, FEA; Paiva, TMA; Costa, GC",2019,Bruinje et al 2019,Tropidurus semitaeniatus,"Joao Camara, RN, Brazil",vertebrate,yellow,,black,chest,melanocortin,eumelanin,new individuals,Exp,Size matched,Length,mature,males,lab,breeding,No,Direct,head bouts,267,X2,5.69,1,NA,0.05,NA,NA,NA,NA,NA,NA,NA,NA,NA,NA,NA
136,"Brown, DM; Lattanzio, MS",2018,Brown and Lattanzio 2018,Urosaurus graciosus,"Santa Cruz River, Gladden Farms, Marana, AZ, USA",vertebrate,yellow,,orange,throat,carotenoid,N/A,new individuals,Exp,"NS (t29 = 0.86, p = 0.4)",Length,mature,males,captivity,year round,No,Direct,winner,20,X2,5.4,1,NA,0.02,NA,NA,NA,NA,NA,NA,NA,NA,NA,NA,NA
137,"McElroy, EJ; Marien, C; Meyers, JJ; Irschick, DJ",2007,McElroy et al 2007,Urosaurus ornatus,"Wet Beaver Creek, AZ, USA",vertebrate,orange,yellow,blue,ventral,structural,N/A,uncontrolled,Obs,uncontrolled,None measured,mature,males,field,year round,No,Direct,number of pushups per display,43,F,10.84,1,32,0.002,NA,NA,NA,NA,NA,NA,NA,NA,NA,NA,NA
138,"Taylor, JN; Lattanzio, MS",2016,Taylor and Lattanzio 2016,Urosaurus ornatus,"Appleton-Whittell Research Ranch, Elgin, AZ, USA",vertebrate,yellow,,blue,throat,structural,N/A,isolated,Exp,"Covariate (t = 0.4, df = 73.3, p = 0.69)",Weight over length,mature,males,captivity,year round,No,Indirect,score,76,mean,NA,NA,NA,,NA,41,3.6,NA,0.4,2.561249695,35,4.1,NA,0.5,2.958039892
139,"Collins, CE; Houtman, AM",1999,Collins and Houtman 1999 - 1,Zonotrichia albicollis,"Algonquin Provincial Park, Ontario, Canada",vertebrate,white,,tan,head,melanocortin,pheomelanin,speaker only,Exp,uncontrolled,None measured,mature,males,field,year round,No,Indirect,full songs,41,t,1.09,40,NA,0.27,NA,NA,NA,NA,NA,NA,NA,NA,NA,NA,NA
140,"Collins, CE; Houtman, AM",1999,Collins and Houtman 1999 - 2,Zonotrichia albicollis,"Algonquin Provincial Park, Ontario, Canada",vertebrate,white,,tan,head,melanocortin,pheomelanin,speaker only,Exp,uncontrolled,None measured,mature,males,field,year round,No,Indirect,pinked,41,t,0.28,40,NA,0.77,NA,NA,NA,NA,NA,NA,NA,NA,NA,NA,NA
141,"Horton, BM; Hauber, ME; Maney, DL",2012,Horton et al 2012 - 1,Zonotrichia albicollis,"Hemlock Stream Forest in Argyle, Maine, USA",vertebrate,white,,tan,throat,melanocortin,pheomelanin,new individuals and speaker,Exp,uncontrolled,None measured,mature,males,captivity,year round,No,Indirect,vocal aggression score,31,mean,NA,NA,NA,,NA,14,-0.67,NA,0.36,1.346996659,17,0.11,NA,0.01,0.041231056
142,"Horton, BM; Hauber, ME; Maney, DL",2012,Horton et al 2012 - 2,Zonotrichia albicollis,"Hemlock Stream Forest in Argyle, Maine, USA",vertebrate,white,,tan,throat,melanocortin,pheomelanin,new individuals and speaker,Exp,uncontrolled,None measured,mature,males,captivity,year round,No,Indirect,physical aggression score,31,mean,NA,NA,NA,,NA,14,0.01,NA,0.31,1.15991379,17,0.01,NA,0.36,1.484318025
143,"Horton, BM; Hauber, ME; Maney, DL",2012,Horton et al 2012 - 3,Zonotrichia albicollis,"Hemlock Stream Forest in Argyle, Maine, USA",vertebrate,white,,tan,throat,melanocortin,pheomelanin,new individuals and speaker,Exp,uncontrolled,None measured,mature,females,captivity,year round,No,Indirect,vocal aggression score,31,mean,NA,NA,NA,,NA,14,0.2,NA,0.33,1.234746938,17,-0.01,NA,0.31,1.278162744
144,"Horton, BM; Hauber, ME; Maney, DL",2012,Horton et al 2012 - 4,Zonotrichia albicollis,"Hemlock Stream Forest in Argyle, Maine, USA",vertebrate,white,,tan,throat,melanocortin,pheomelanin,new individuals and speaker,Exp,uncontrolled,None measured,mature,females,captivity,year round,No,Indirect,physical aggression score,31,mean,NA,NA,NA,,NA,14,0.84,NA,0.34,1.272163512,17,-0.01,NA,0.59,2.432632319
145,"Horton, BM; Moore, IT; Maney, DL",2014,Horton et al 2014,Zonotrichia albicollis,"Hemlock Stream Forest, Bradley, Maine, USA",vertebrate,white,,tan,throat,melanocortin,pheomelanin,new individuals and speaker,Exp,uncontrolled,None measured,mature,males,captivity,year round,No,Indirect,territorial,30,t,4.2,29,NA,0.001,NA,NA,NA,NA,NA,NA,NA,NA,NA,NA,NA
146,"Zinzow-Kramer, WM; Horton, BM; McKee, CD; Michaud, JM; Tharp, GK; Thomas, JW; Tuttle, EM; Yi, S; Maney, DL",2015,Zinzow-Kramer et al 2015 - 1,Zonotrichia albicollis,"Hemlock Stream Forest, Argyle, Maine",vertebrate,white,,tan,head,melanocortin,pheomelanin,new individuals and speaker,Exp,uncontrolled,None measured,mature,males,field,year round,No,Indirect,songs per 10 min,19,mean,NA,NA,NA,,NA,10,23.516,NA,NA,19.68296296,9,1.733,NA,NA,7.089382716
147,"Zinzow-Kramer, WM; Horton, BM; McKee, CD; Michaud, JM; Tharp, GK; Thomas, JW; Tuttle, EM; Yi, S; Maney, DL",2015,Zinzow-Kramer et al 2015 - 2,Zonotrichia albicollis,"Hemlock Stream Forest, Argyle, Maine",vertebrate,white,,tan,head,melanocortin,pheomelanin,new individuals and speaker,Exp,uncontrolled,None measured,mature,males,field,year round,No,Indirect,trills per 10 min,19,mean,NA,NA,NA,,NA,10,0,NA,NA,0.24691358,9,0,NA,NA,0.49382716
148,"Zinzow-Kramer, WM; Horton, BM; McKee, CD; Michaud, JM; Tharp, GK; Thomas, JW; Tuttle, EM; Yi, S; Maney, DL",2015,Zinzow-Kramer et al 2015 - 3,Zonotrichia albicollis,"Hemlock Stream Forest, Argyle, Maine",vertebrate,white,,tan,head,melanocortin,pheomelanin,new individuals and speaker,Exp,uncontrolled,None measured,mature,males,field,year round,No,Indirect,chips per 10 min,19,mean,NA,NA,NA,,NA,10,20.846,NA,NA,41.38765432,9,16.172,NA,NA,19.32790123
149,"Zinzow-Kramer, WM; Horton, BM; McKee, CD; Michaud, JM; Tharp, GK; Thomas, JW; Tuttle, EM; Yi, S; Maney, DL",2015,Zinzow-Kramer et al 2015 - 4,Zonotrichia albicollis,"Hemlock Stream Forest, Argyle, Maine",vertebrate,white,,tan,head,melanocortin,pheomelanin,new individuals and speaker,Exp,uncontrolled,None measured,mature,males,field,year round,No,Indirect,flights per 10 min,19,mean,NA,NA,NA,,NA,10,7.565,NA,NA,9.093333333,9,11.342,NA,NA,11.44197531
150,"Zinzow-Kramer, WM; Horton, BM; McKee, CD; Michaud, JM; Tharp, GK; Thomas, JW; Tuttle, EM; Yi, S; Maney, DL",2015,Zinzow-Kramer et al 2015 - 5,Zonotrichia albicollis,"Hemlock Stream Forest, Argyle, Maine",vertebrate,white,,tan,head,melanocortin,pheomelanin,new individuals and speaker,Exp,uncontrolled,None measured,mature,males,field,year round,No,Indirect,time in 5 m (min),19,mean,NA,NA,NA,,NA,10,10.154,NA,NA,0.303703704,9,10.155,NA,NA,0.835555556
151,"Zinzow-Kramer, WM; Horton, BM; McKee, CD; Michaud, JM; Tharp, GK; Thomas, JW; Tuttle, EM; Yi, S; Maney, DL",2015,Zinzow-Kramer et al 2015 - 6,Zonotrichia albicollis,"Hemlock Stream Forest, Argyle, Maine",vertebrate,white,,tan,head,melanocortin,pheomelanin,new individuals and speaker,Exp,uncontrolled,None measured,mature,males,field,year round,No,Indirect,time in 2 m (min),19,mean,NA,NA,NA,,NA,10,7.168,NA,NA,4.40691358,9,6.047,NA,NA,4.021728395
152,"Zinzow-Kramer, WM; Horton, BM; McKee, CD; Michaud, JM; Tharp, GK; Thomas, JW; Tuttle, EM; Yi, S; Maney, DL",2015,Zinzow-Kramer et al 2015 - 7,Zonotrichia albicollis,"Hemlock Stream Forest, Argyle, Maine",vertebrate,white,,tan,head,melanocortin,pheomelanin,new individuals and speaker,Exp,uncontrolled,None measured,mature,males,field,year round,No,Indirect,latency (min),19,mean,NA,NA,NA,,NA,10,0.782,NA,NA,0.650864198,9,0.977,NA,NA,1.08345679
153,"Zinzow-Kramer, WM; Horton, BM; McKee, CD; Michaud, JM; Tharp, GK; Thomas, JW; Tuttle, EM; Yi, S; Maney, DL",2015,Zinzow-Kramer et al 2015 - 8,Zonotrichia albicollis,"Hemlock Stream Forest, Argyle, Maine",vertebrate,white,,tan,head,melanocortin,pheomelanin,new individuals and speaker,Exp,uncontrolled,None measured,mature,males,field,year round,No,Indirect,closest approach (m),19,mean,NA,NA,NA,,NA,10,0.247,NA,NA,0.212839506,9,0.354,NA,NA,0.630617284
